case:concept:name,concept:name,time:timestamp,case:Spend area text,case:Company,case:Document Type,case:Sub spend area text,case:Item,case:Vendor,case:Item Type,case:Item Category,case:Spend classification text,case:GR-Based Inv. Verif.,case:Goods Receipt,org:resource,Cumulative net worth (EUR)
2000000000_00001,0,2018-01-02 12:53:00+00:00,1,0,0,1,0,0,0,0,1,0,0,0,298.0
2000000000_00001,1,2018-01-02 13:53:00+00:00,1,0,0,1,0,0,0,0,1,0,0,0,298.0
2000000000_00001,2,2018-01-02 13:53:00+00:00,1,0,0,1,0,0,0,0,1,0,0,0,298.0
2000000000_00001,3,2018-01-02 13:53:00+00:00,1,0,0,1,0,0,0,0,1,0,0,0,298.0
2000000000_00001,4,2018-01-02 13:53:00+00:00,1,0,0,1,0,0,0,0,1,0,0,0,298.0
2000000000_00001,5,2018-01-02 13:53:00+00:00,1,0,0,1,0,0,0,0,1,0,0,0,298.0
2000000000_00001,6,2018-01-02 13:53:00+00:00,1,0,0,1,0,0,0,0,1,0,0,0,298.0
2000000000_00001,7,2018-01-02 13:53:00+00:00,1,0,0,1,0,0,0,0,1,0,0,1,298.0
2000000000_00001,8,2018-01-02 22:59:00+00:00,1,0,0,1,0,0,0,0,1,0,0,2,298.0
2000000000_00001,9,2018-03-06 06:44:00+00:00,1,0,0,1,0,0,0,0,1,0,0,1,298.0
2000000000_00001,10,2018-03-06 07:53:00+00:00,1,0,0,1,0,0,0,0,1,0,0,3,298.0
2000000000_00001,11,2018-03-29 13:06:00+00:00,1,0,0,1,0,0,0,0,1,0,0,4,298.0
2000000009_00001,8,2018-01-02 22:59:00+00:00,1,0,0,2,0,1,1,1,1,1,0,2,1039.0
2000000009_00001,0,2018-01-09 12:14:00+00:00,1,0,0,2,0,1,1,1,1,1,0,0,1039.0
2000000009_00001,1,2018-01-09 13:14:00+00:00,1,0,0,2,0,1,1,1,1,1,0,0,1039.0
2000000009_00001,2,2018-01-09 13:14:00+00:00,1,0,0,2,0,1,1,1,1,1,0,0,1039.0
2000000009_00001,3,2018-01-09 13:14:00+00:00,1,0,0,2,0,1,1,1,1,1,0,0,1039.0
2000000009_00001,4,2018-01-09 13:14:00+00:00,1,0,0,2,0,1,1,1,1,1,0,0,1039.0
2000000009_00001,5,2018-01-09 13:14:00+00:00,1,0,0,2,0,1,1,1,1,1,0,0,1039.0
2000000009_00001,7,2018-01-09 13:14:00+00:00,1,0,0,2,0,1,1,1,1,1,0,1,1039.0
2000000009_00001,6,2018-01-09 13:14:00+00:00,1,0,0,2,0,1,1,1,1,1,0,0,1039.0
2000000009_00001,12,2018-03-08 07:27:00+00:00,1,0,0,2,0,1,1,1,1,1,0,2,1039.0
2000000009_00001,9,2018-03-08 07:27:00+00:00,1,0,0,2,0,1,1,1,1,1,0,1,1039.0
2000000009_00001,10,2018-03-09 15:47:00+00:00,1,0,0,2,0,1,1,1,1,1,0,3,1039.0
2000000009_00001,11,2018-03-15 13:13:00+00:00,1,0,0,2,0,1,1,1,1,1,0,5,1039.0
2000000003_00001,0,2018-01-08 06:21:00+00:00,2,0,0,3,0,2,0,0,1,0,0,0,28.0
2000000003_00001,1,2018-01-08 07:21:00+00:00,2,0,0,3,0,2,0,0,1,0,0,0,28.0
2000000003_00001,2,2018-01-08 07:21:00+00:00,2,0,0,3,0,2,0,0,1,0,0,0,28.0
2000000003_00001,3,2018-01-08 07:21:00+00:00,2,0,0,3,0,2,0,0,1,0,0,0,28.0
2000000003_00001,4,2018-01-08 07:21:00+00:00,2,0,0,3,0,2,0,0,1,0,0,0,28.0
2000000003_00001,5,2018-01-08 07:21:00+00:00,2,0,0,3,0,2,0,0,1,0,0,0,28.0
2000000003_00001,6,2018-01-08 07:21:00+00:00,2,0,0,3,0,2,0,0,1,0,0,0,28.0
2000000003_00001,7,2018-01-08 07:21:00+00:00,2,0,0,3,0,2,0,0,1,0,0,1,28.0
2000000003_00001,8,2018-01-08 22:59:00+00:00,2,0,0,3,0,2,0,0,1,0,0,2,28.0
2000000003_00001,9,2018-01-12 13:14:00+00:00,2,0,0,3,0,2,0,0,1,0,0,1,28.0
2000000003_00001,10,2018-02-12 15:58:00+00:00,2,0,0,3,0,2,0,0,1,0,0,3,28.0
2000000003_00001,11,2018-03-08 12:21:00+00:00,2,0,0,3,0,2,0,0,1,0,0,5,28.0
2000000003_00002,0,2018-01-08 06:21:00+00:00,2,0,0,3,1,2,0,0,1,0,0,0,37.0
2000000003_00002,1,2018-01-08 07:21:00+00:00,2,0,0,3,1,2,0,0,1,0,0,0,37.0
2000000003_00002,2,2018-01-08 07:21:00+00:00,2,0,0,3,1,2,0,0,1,0,0,0,37.0
2000000003_00002,3,2018-01-08 07:21:00+00:00,2,0,0,3,1,2,0,0,1,0,0,0,37.0
2000000003_00002,4,2018-01-08 07:21:00+00:00,2,0,0,3,1,2,0,0,1,0,0,0,37.0
2000000003_00002,5,2018-01-08 07:21:00+00:00,2,0,0,3,1,2,0,0,1,0,0,0,37.0
2000000003_00002,6,2018-01-08 07:21:00+00:00,2,0,0,3,1,2,0,0,1,0,0,0,37.0
2000000003_00002,7,2018-01-08 07:21:00+00:00,2,0,0,3,1,2,0,0,1,0,0,1,37.0
2000000003_00002,8,2018-01-08 22:59:00+00:00,2,0,0,3,1,2,0,0,1,0,0,2,37.0
2000000003_00002,9,2018-01-12 13:14:00+00:00,2,0,0,3,1,2,0,0,1,0,0,1,37.0
2000000003_00002,10,2018-02-12 15:58:00+00:00,2,0,0,3,1,2,0,0,1,0,0,3,37.0
2000000003_00002,11,2018-03-08 12:21:00+00:00,2,0,0,3,1,2,0,0,1,0,0,5,37.0
2000000003_00003,0,2018-01-08 06:21:00+00:00,2,0,0,3,2,2,0,0,1,0,0,0,44.0
2000000003_00003,1,2018-01-08 07:21:00+00:00,2,0,0,3,2,2,0,0,1,0,0,0,44.0
2000000003_00003,2,2018-01-08 07:21:00+00:00,2,0,0,3,2,2,0,0,1,0,0,0,44.0
2000000003_00003,3,2018-01-08 07:21:00+00:00,2,0,0,3,2,2,0,0,1,0,0,0,44.0
2000000003_00003,4,2018-01-08 07:21:00+00:00,2,0,0,3,2,2,0,0,1,0,0,0,44.0
2000000003_00003,5,2018-01-08 07:21:00+00:00,2,0,0,3,2,2,0,0,1,0,0,0,44.0
2000000003_00003,6,2018-01-08 07:21:00+00:00,2,0,0,3,2,2,0,0,1,0,0,0,44.0
2000000003_00003,7,2018-01-08 07:21:00+00:00,2,0,0,3,2,2,0,0,1,0,0,1,44.0
2000000003_00003,8,2018-01-08 22:59:00+00:00,2,0,0,3,2,2,0,0,1,0,0,2,44.0
2000000003_00003,9,2018-01-12 13:14:00+00:00,2,0,0,3,2,2,0,0,1,0,0,1,44.0
2000000003_00003,10,2018-02-12 15:58:00+00:00,2,0,0,3,2,2,0,0,1,0,0,3,44.0
2000000003_00003,11,2018-03-08 12:21:00+00:00,2,0,0,3,2,2,0,0,1,0,0,5,44.0
2000000004_00001,0,2018-01-08 06:21:00+00:00,1,0,0,1,0,0,0,0,1,0,0,0,166.0
2000000004_00001,1,2018-01-08 07:21:00+00:00,1,0,0,1,0,0,0,0,1,0,0,0,166.0
2000000004_00001,2,2018-01-08 07:21:00+00:00,1,0,0,1,0,0,0,0,1,0,0,0,166.0
2000000004_00001,3,2018-01-08 07:21:00+00:00,1,0,0,1,0,0,0,0,1,0,0,0,166.0
2000000004_00001,4,2018-01-08 07:21:00+00:00,1,0,0,1,0,0,0,0,1,0,0,0,166.0
2000000004_00001,5,2018-01-08 07:21:00+00:00,1,0,0,1,0,0,0,0,1,0,0,0,166.0
2000000004_00001,6,2018-01-08 07:21:00+00:00,1,0,0,1,0,0,0,0,1,0,0,0,166.0
2000000004_00001,7,2018-01-08 07:21:00+00:00,1,0,0,1,0,0,0,0,1,0,0,1,166.0
2000000004_00001,8,2018-01-08 22:59:00+00:00,1,0,0,1,0,0,0,0,1,0,0,2,166.0
2000000004_00001,9,2018-01-12 13:13:00+00:00,1,0,0,1,0,0,0,0,1,0,0,1,166.0
2000000004_00001,10,2018-03-05 15:30:00+00:00,1,0,0,1,0,0,0,0,1,0,0,0,166.0
2000000004_00001,11,2018-03-29 13:06:00+00:00,1,0,0,1,0,0,0,0,1,0,0,4,166.0
2000000005_00002,0,2018-01-08 09:08:00+00:00,3,0,0,4,1,3,1,1,1,1,0,0,86.0
2000000005_00002,1,2018-01-08 10:08:00+00:00,3,0,0,4,1,3,1,1,1,1,0,0,86.0
2000000005_00002,2,2018-01-08 10:08:00+00:00,3,0,0,4,1,3,1,1,1,1,0,0,86.0
2000000005_00002,3,2018-01-08 10:08:00+00:00,3,0,0,4,1,3,1,1,1,1,0,0,86.0
2000000005_00002,4,2018-01-08 10:09:00+00:00,3,0,0,4,1,3,1,1,1,1,0,0,86.0
2000000005_00002,5,2018-01-08 10:09:00+00:00,3,0,0,4,1,3,1,1,1,1,0,0,86.0
2000000005_00002,7,2018-01-08 10:09:00+00:00,3,0,0,4,1,3,1,1,1,1,0,1,86.0
2000000005_00002,6,2018-01-08 10:09:00+00:00,3,0,0,4,1,3,1,1,1,1,0,0,86.0
2000000007_00001,0,2018-01-08 12:12:00+00:00,2,0,0,5,0,4,0,0,1,0,0,0,3227.0
2000000007_00001,1,2018-01-08 13:12:00+00:00,2,0,0,5,0,4,0,0,1,0,0,0,3227.0
2000000007_00001,2,2018-01-08 13:12:00+00:00,2,0,0,5,0,4,0,0,1,0,0,0,3227.0
2000000007_00001,3,2018-01-08 13:12:00+00:00,2,0,0,5,0,4,0,0,1,0,0,0,3227.0
2000000007_00001,4,2018-01-08 13:12:00+00:00,2,0,0,5,0,4,0,0,1,0,0,0,3227.0
2000000007_00001,5,2018-01-08 13:12:00+00:00,2,0,0,5,0,4,0,0,1,0,0,0,3227.0
2000000007_00001,6,2018-01-08 13:12:00+00:00,2,0,0,5,0,4,0,0,1,0,0,0,3227.0
2000000007_00001,7,2018-01-08 13:12:00+00:00,2,0,0,5,0,4,0,0,1,0,0,1,3227.0
2000000007_00001,8,2018-01-08 22:59:00+00:00,2,0,0,5,0,4,0,0,1,0,0,2,3227.0
2000000007_00001,10,2018-01-17 08:11:00+00:00,2,0,0,5,0,4,0,0,1,0,0,6,3227.0
2000000007_00001,9,2018-02-21 12:53:00+00:00,2,0,0,5,0,4,0,0,1,0,0,1,3227.0
2000000007_00001,13,2018-02-21 12:55:00+00:00,2,0,0,5,0,4,0,0,1,0,0,7,3227.0
2000000007_00001,11,2018-03-08 12:22:00+00:00,2,0,0,5,0,4,0,0,1,0,0,5,3227.0
2000000008_00001,0,2018-01-08 14:36:00+00:00,2,0,0,5,0,5,1,1,1,1,0,0,18186.0
2000000008_00001,1,2018-01-08 15:36:00+00:00,2,0,0,5,0,5,1,1,1,1,0,0,18186.0
2000000008_00001,2,2018-01-08 15:36:00+00:00,2,0,0,5,0,5,1,1,1,1,0,0,18186.0
2000000008_00001,3,2018-01-08 15:36:00+00:00,2,0,0,5,0,5,1,1,1,1,0,0,18186.0
2000000008_00001,4,2018-01-08 15:36:00+00:00,2,0,0,5,0,5,1,1,1,1,0,0,18186.0
2000000008_00001,5,2018-01-08 15:36:00+00:00,2,0,0,5,0,5,1,1,1,1,0,0,18186.0
2000000008_00001,6,2018-01-08 15:36:00+00:00,2,0,0,5,0,5,1,1,1,1,0,0,18186.0
2000000008_00001,7,2018-01-08 15:36:00+00:00,2,0,0,5,0,5,1,1,1,1,0,1,18186.0
2000000008_00001,8,2018-01-10 22:59:00+00:00,2,0,0,5,0,5,1,1,1,1,0,2,18186.0
2000000008_00001,9,2018-01-15 11:53:00+00:00,2,0,0,5,0,5,1,1,1,1,0,1,18186.0
2000000008_00001,12,2018-01-15 11:53:00+00:00,2,0,0,5,0,5,1,1,1,1,0,2,18186.0
2000000008_00001,10,2018-01-17 14:49:00+00:00,2,0,0,5,0,5,1,1,1,1,0,0,18186.0
2000000008_00001,11,2018-02-22 15:18:00+00:00,2,0,0,5,0,5,1,1,1,1,0,4,18186.0
2000000012_00001,0,2018-01-10 14:38:00+00:00,1,0,0,6,0,6,0,0,1,0,0,0,320.0
2000000012_00001,1,2018-01-10 15:38:00+00:00,1,0,0,6,0,6,0,0,1,0,0,0,320.0
2000000012_00001,2,2018-01-10 15:38:00+00:00,1,0,0,6,0,6,0,0,1,0,0,0,320.0
2000000012_00001,3,2018-01-10 15:38:00+00:00,1,0,0,6,0,6,0,0,1,0,0,0,320.0
2000000012_00001,4,2018-01-10 15:38:00+00:00,1,0,0,6,0,6,0,0,1,0,0,0,320.0
2000000012_00001,5,2018-01-10 15:38:00+00:00,1,0,0,6,0,6,0,0,1,0,0,0,320.0
2000000012_00001,6,2018-01-10 15:38:00+00:00,1,0,0,6,0,6,0,0,1,0,0,0,320.0
2000000012_00001,7,2018-01-10 15:38:00+00:00,1,0,0,6,0,6,0,0,1,0,0,1,320.0
2000000012_00001,8,2018-01-29 22:59:00+00:00,1,0,0,6,0,6,0,0,1,0,0,2,320.0
2000000012_00001,9,2018-02-26 08:41:00+00:00,1,0,0,6,0,6,0,0,1,0,0,1,320.0
2000000012_00001,10,2018-03-05 15:12:00+00:00,1,0,0,6,0,6,0,0,1,0,0,0,320.0
2000000012_00001,11,2018-03-29 13:06:00+00:00,1,0,0,6,0,6,0,0,1,0,0,4,320.0
2000000013_00001,0,2018-01-10 14:38:00+00:00,1,0,0,2,0,7,1,1,1,1,0,0,857.0
2000000013_00001,1,2018-01-10 15:38:00+00:00,1,0,0,2,0,7,1,1,1,1,0,0,857.0
2000000013_00001,2,2018-01-10 15:38:00+00:00,1,0,0,2,0,7,1,1,1,1,0,0,857.0
2000000013_00001,3,2018-01-10 15:38:00+00:00,1,0,0,2,0,7,1,1,1,1,0,0,857.0
2000000013_00001,5,2018-01-10 15:38:00+00:00,1,0,0,2,0,7,1,1,1,1,0,0,857.0
2000000013_00001,6,2018-01-10 15:38:00+00:00,1,0,0,2,0,7,1,1,1,1,0,0,857.0
2000000013_00001,4,2018-01-10 15:40:00+00:00,1,0,0,2,0,7,1,1,1,1,0,0,857.0
2000000013_00001,7,2018-01-10 15:40:00+00:00,1,0,0,2,0,7,1,1,1,1,0,1,857.0
2000000013_00001,9,2018-01-16 13:27:00+00:00,1,0,0,2,0,7,1,1,1,1,0,1,857.0
2000000013_00001,12,2018-01-16 13:27:00+00:00,1,0,0,2,0,7,1,1,1,1,0,2,857.0
2000000013_00001,8,2018-01-22 22:59:00+00:00,1,0,0,2,0,7,1,1,1,1,0,2,857.0
2000000013_00001,10,2018-01-24 16:15:00+00:00,1,0,0,2,0,7,1,1,1,1,0,3,857.0
2000000013_00001,11,2018-02-15 13:51:00+00:00,1,0,0,2,0,7,1,1,1,1,0,4,857.0
2000000025_00001,0,2018-01-15 07:46:00+00:00,3,0,0,4,0,8,1,1,1,1,0,0,1368.0
2000000025_00001,1,2018-01-15 08:46:00+00:00,3,0,0,4,0,8,1,1,1,1,0,0,1368.0
2000000025_00001,2,2018-01-15 08:46:00+00:00,3,0,0,4,0,8,1,1,1,1,0,0,1368.0
2000000025_00001,3,2018-01-15 08:46:00+00:00,3,0,0,4,0,8,1,1,1,1,0,0,1368.0
2000000025_00001,4,2018-01-15 08:46:00+00:00,3,0,0,4,0,8,1,1,1,1,0,0,1368.0
2000000025_00001,5,2018-01-15 08:46:00+00:00,3,0,0,4,0,8,1,1,1,1,0,0,1368.0
2000000025_00001,6,2018-01-15 08:46:00+00:00,3,0,0,4,0,8,1,1,1,1,0,0,1368.0
2000000025_00001,7,2018-01-15 08:46:00+00:00,3,0,0,4,0,8,1,1,1,1,0,1,1368.0
2000000025_00001,8,2018-01-31 22:59:00+00:00,3,0,0,4,0,8,1,1,1,1,0,2,1368.0
2000000025_00001,9,2018-03-28 11:57:00+00:00,3,0,0,4,0,8,1,1,1,1,0,1,1368.0
2000000025_00001,12,2018-03-28 11:57:00+00:00,3,0,0,4,0,8,1,1,1,1,0,2,1368.0
2000000025_00001,10,2018-04-03 06:57:00+00:00,3,0,0,4,0,8,1,1,1,1,0,7,1368.0
2000000025_00001,11,2018-04-05 13:49:00+00:00,3,0,0,4,0,8,1,1,1,1,0,4,1368.0
2000000026_00001,0,2018-01-15 09:13:00+00:00,1,0,0,2,0,9,0,0,1,0,0,0,74.0
2000000026_00001,1,2018-01-15 10:13:00+00:00,1,0,0,2,0,9,0,0,1,0,0,0,74.0
2000000026_00001,2,2018-01-15 10:13:00+00:00,1,0,0,2,0,9,0,0,1,0,0,0,74.0
2000000026_00001,3,2018-01-15 10:13:00+00:00,1,0,0,2,0,9,0,0,1,0,0,0,74.0
2000000026_00001,5,2018-01-15 10:13:00+00:00,1,0,0,2,0,9,0,0,1,0,0,0,74.0
2000000026_00001,4,2018-01-15 10:13:00+00:00,1,0,0,2,0,9,0,0,1,0,0,0,74.0
2000000026_00001,6,2018-01-15 10:13:00+00:00,1,0,0,2,0,9,0,0,1,0,0,0,74.0
2000000026_00001,7,2018-01-15 10:14:00+00:00,1,0,0,2,0,9,0,0,1,0,0,1,74.0
2000000026_00001,8,2018-01-27 22:59:00+00:00,1,0,0,2,0,9,0,0,1,0,0,2,74.0
2000000026_00001,9,2018-01-30 08:20:00+00:00,1,0,0,2,0,9,0,0,1,0,0,1,74.0
2000000026_00001,10,2018-03-06 10:34:00+00:00,1,0,0,2,0,9,0,0,1,0,0,3,74.0
2000000026_00001,11,2018-03-08 12:20:00+00:00,1,0,0,2,0,9,0,0,1,0,0,5,74.0
2000000026_00002,0,2018-01-15 09:13:00+00:00,1,0,0,2,1,9,0,0,1,0,0,0,45.0
2000000026_00002,1,2018-01-15 10:13:00+00:00,1,0,0,2,1,9,0,0,1,0,0,0,45.0
2000000026_00002,2,2018-01-15 10:13:00+00:00,1,0,0,2,1,9,0,0,1,0,0,0,45.0
2000000026_00002,3,2018-01-15 10:13:00+00:00,1,0,0,2,1,9,0,0,1,0,0,0,45.0
2000000026_00002,5,2018-01-15 10:13:00+00:00,1,0,0,2,1,9,0,0,1,0,0,0,45.0
2000000026_00002,4,2018-01-15 10:13:00+00:00,1,0,0,2,1,9,0,0,1,0,0,0,45.0
2000000026_00002,6,2018-01-15 10:13:00+00:00,1,0,0,2,1,9,0,0,1,0,0,0,45.0
2000000026_00002,7,2018-01-15 10:14:00+00:00,1,0,0,2,1,9,0,0,1,0,0,1,45.0
2000000026_00002,8,2018-01-27 22:59:00+00:00,1,0,0,2,1,9,0,0,1,0,0,2,45.0
2000000026_00002,9,2018-01-30 08:20:00+00:00,1,0,0,2,1,9,0,0,1,0,0,1,45.0
2000000026_00002,10,2018-03-06 10:34:00+00:00,1,0,0,2,1,9,0,0,1,0,0,3,45.0
2000000026_00002,11,2018-03-08 12:20:00+00:00,1,0,0,2,1,9,0,0,1,0,0,5,45.0
2000000029_00001,0,2018-01-15 11:54:00+00:00,2,0,0,3,0,2,0,0,1,0,0,0,83.0
2000000029_00001,1,2018-01-15 12:54:00+00:00,2,0,0,3,0,2,0,0,1,0,0,0,83.0
2000000029_00001,2,2018-01-15 12:54:00+00:00,2,0,0,3,0,2,0,0,1,0,0,0,83.0
2000000029_00001,3,2018-01-15 12:54:00+00:00,2,0,0,3,0,2,0,0,1,0,0,0,83.0
2000000029_00001,4,2018-01-15 12:54:00+00:00,2,0,0,3,0,2,0,0,1,0,0,0,83.0
2000000029_00001,5,2018-01-15 12:54:00+00:00,2,0,0,3,0,2,0,0,1,0,0,0,83.0
2000000029_00001,6,2018-01-15 12:54:00+00:00,2,0,0,3,0,2,0,0,1,0,0,0,83.0
2000000029_00001,7,2018-01-15 12:54:00+00:00,2,0,0,3,0,2,0,0,1,0,0,1,83.0
2000000029_00001,8,2018-01-15 22:59:00+00:00,2,0,0,3,0,2,0,0,1,0,0,2,83.0
2000000029_00001,9,2018-01-17 09:39:00+00:00,2,0,0,3,0,2,0,0,1,0,0,1,83.0
2000000029_00001,10,2018-02-12 14:38:00+00:00,2,0,0,3,0,2,0,0,1,0,0,3,83.0
2000000029_00001,11,2018-03-08 12:21:00+00:00,2,0,0,3,0,2,0,0,1,0,0,5,83.0
2000000029_00002,0,2018-01-15 11:54:00+00:00,2,0,0,3,1,2,0,0,1,0,0,0,19.0
2000000029_00002,1,2018-01-15 12:54:00+00:00,2,0,0,3,1,2,0,0,1,0,0,0,19.0
2000000029_00002,2,2018-01-15 12:54:00+00:00,2,0,0,3,1,2,0,0,1,0,0,0,19.0
2000000029_00002,3,2018-01-15 12:54:00+00:00,2,0,0,3,1,2,0,0,1,0,0,0,19.0
2000000029_00002,4,2018-01-15 12:54:00+00:00,2,0,0,3,1,2,0,0,1,0,0,0,19.0
2000000029_00002,5,2018-01-15 12:54:00+00:00,2,0,0,3,1,2,0,0,1,0,0,0,19.0
2000000029_00002,6,2018-01-15 12:54:00+00:00,2,0,0,3,1,2,0,0,1,0,0,0,19.0
2000000029_00002,7,2018-01-15 12:54:00+00:00,2,0,0,3,1,2,0,0,1,0,0,1,19.0
2000000029_00002,8,2018-01-15 22:59:00+00:00,2,0,0,3,1,2,0,0,1,0,0,2,19.0
2000000029_00002,9,2018-01-17 09:39:00+00:00,2,0,0,3,1,2,0,0,1,0,0,1,19.0
2000000029_00002,10,2018-02-12 14:38:00+00:00,2,0,0,3,1,2,0,0,1,0,0,3,19.0
2000000029_00002,11,2018-03-08 12:21:00+00:00,2,0,0,3,1,2,0,0,1,0,0,5,19.0
2000000029_00003,0,2018-01-15 11:54:00+00:00,2,0,0,3,2,2,0,0,1,0,0,0,5.0
2000000029_00003,1,2018-01-15 12:54:00+00:00,2,0,0,3,2,2,0,0,1,0,0,0,5.0
2000000029_00003,2,2018-01-15 12:54:00+00:00,2,0,0,3,2,2,0,0,1,0,0,0,5.0
2000000029_00003,3,2018-01-15 12:54:00+00:00,2,0,0,3,2,2,0,0,1,0,0,0,5.0
2000000029_00003,4,2018-01-15 12:54:00+00:00,2,0,0,3,2,2,0,0,1,0,0,0,5.0
2000000029_00003,5,2018-01-15 12:54:00+00:00,2,0,0,3,2,2,0,0,1,0,0,0,5.0
2000000029_00003,6,2018-01-15 12:54:00+00:00,2,0,0,3,2,2,0,0,1,0,0,0,5.0
2000000029_00003,7,2018-01-15 12:54:00+00:00,2,0,0,3,2,2,0,0,1,0,0,1,5.0
2000000029_00003,8,2018-01-15 22:59:00+00:00,2,0,0,3,2,2,0,0,1,0,0,2,5.0
2000000029_00003,9,2018-01-17 09:39:00+00:00,2,0,0,3,2,2,0,0,1,0,0,1,5.0
2000000029_00003,10,2018-02-12 14:38:00+00:00,2,0,0,3,2,2,0,0,1,0,0,3,5.0
2000000029_00003,11,2018-03-08 12:21:00+00:00,2,0,0,3,2,2,0,0,1,0,0,5,5.0
2000000031_00001,0,2018-01-15 13:51:00+00:00,1,0,0,6,0,6,0,0,1,0,0,0,22.0
2000000031_00001,1,2018-01-15 14:51:00+00:00,1,0,0,6,0,6,0,0,1,0,0,0,22.0
2000000031_00001,2,2018-01-15 14:51:00+00:00,1,0,0,6,0,6,0,0,1,0,0,0,22.0
2000000031_00001,3,2018-01-15 14:51:00+00:00,1,0,0,6,0,6,0,0,1,0,0,0,22.0
2000000031_00001,4,2018-01-15 14:51:00+00:00,1,0,0,6,0,6,0,0,1,0,0,0,22.0
2000000031_00001,5,2018-01-15 14:51:00+00:00,1,0,0,6,0,6,0,0,1,0,0,0,22.0
2000000031_00001,6,2018-01-15 14:51:00+00:00,1,0,0,6,0,6,0,0,1,0,0,0,22.0
2000000031_00001,7,2018-01-15 14:51:00+00:00,1,0,0,6,0,6,0,0,1,0,0,1,22.0
2000000031_00001,8,2018-01-17 22:59:00+00:00,1,0,0,6,0,6,0,0,1,0,0,2,22.0
2000000031_00001,9,2018-01-22 12:20:00+00:00,1,0,0,6,0,6,0,0,1,0,0,1,22.0
2000000031_00001,10,2018-01-23 12:36:00+00:00,1,0,0,6,0,6,0,0,1,0,0,8,22.0
2000000031_00001,11,2018-03-29 13:06:00+00:00,1,0,0,6,0,6,0,0,1,0,0,4,22.0
2000000032_00001,0,2018-01-15 14:53:00+00:00,2,0,0,3,0,2,0,0,1,0,0,0,106.0
2000000032_00001,1,2018-01-15 15:53:00+00:00,2,0,0,3,0,2,0,0,1,0,0,0,106.0
2000000032_00001,2,2018-01-15 15:53:00+00:00,2,0,0,3,0,2,0,0,1,0,0,0,106.0
2000000032_00001,3,2018-01-15 15:53:00+00:00,2,0,0,3,0,2,0,0,1,0,0,0,106.0
2000000032_00001,5,2018-01-15 15:53:00+00:00,2,0,0,3,0,2,0,0,1,0,0,0,106.0
2000000032_00001,4,2018-01-15 15:53:00+00:00,2,0,0,3,0,2,0,0,1,0,0,0,106.0
2000000032_00001,6,2018-01-15 15:53:00+00:00,2,0,0,3,0,2,0,0,1,0,0,0,106.0
2000000032_00001,7,2018-01-15 15:53:00+00:00,2,0,0,3,0,2,0,0,1,0,0,1,106.0
2000000032_00001,8,2018-01-16 22:59:00+00:00,2,0,0,3,0,2,0,0,1,0,0,2,106.0
2000000032_00001,9,2018-01-19 09:04:00+00:00,2,0,0,3,0,2,0,0,1,0,0,1,106.0
2000000032_00001,10,2018-02-12 14:37:00+00:00,2,0,0,3,0,2,0,0,1,0,0,3,106.0
2000000032_00001,11,2018-03-08 12:21:00+00:00,2,0,0,3,0,2,0,0,1,0,0,5,106.0
2000000033_00001,0,2018-01-15 19:18:00+00:00,2,0,0,5,0,4,1,1,1,1,0,0,12852.0
2000000033_00001,1,2018-01-15 20:18:00+00:00,2,0,0,5,0,4,1,1,1,1,0,0,12852.0
2000000033_00001,2,2018-01-15 20:18:00+00:00,2,0,0,5,0,4,1,1,1,1,0,0,12852.0
2000000033_00001,3,2018-01-15 20:18:00+00:00,2,0,0,5,0,4,1,1,1,1,0,0,12852.0
2000000033_00001,5,2018-01-15 20:18:00+00:00,2,0,0,5,0,4,1,1,1,1,0,0,12852.0
2000000033_00001,6,2018-01-15 20:18:00+00:00,2,0,0,5,0,4,1,1,1,1,0,0,12852.0
2000000033_00001,4,2018-01-15 20:18:00+00:00,2,0,0,5,0,4,1,1,1,1,0,0,12852.0
2000000033_00001,7,2018-01-15 20:18:00+00:00,2,0,0,5,0,4,1,1,1,1,0,1,12852.0
2000000033_00001,8,2018-04-03 21:59:00+00:00,2,0,0,5,0,4,1,1,1,1,0,2,12852.0
2000000033_00001,9,2018-04-30 13:21:00+00:00,2,0,0,5,0,4,1,1,1,1,0,1,12852.0
2000000033_00001,12,2018-04-30 13:21:00+00:00,2,0,0,5,0,4,1,1,1,1,0,2,12852.0
2000000033_00001,10,2018-05-21 15:05:00+00:00,2,0,0,5,0,4,1,1,1,1,0,9,12852.0
2000000033_00001,11,2018-06-07 11:12:00+00:00,2,0,0,5,0,4,1,1,1,1,0,4,12852.0
2000000037_00001,0,2018-01-16 13:39:00+00:00,4,0,0,7,0,10,0,0,2,0,0,0,938.0
2000000037_00001,1,2018-01-16 14:39:00+00:00,4,0,0,7,0,10,0,0,2,0,0,0,938.0
2000000037_00001,2,2018-01-16 14:39:00+00:00,4,0,0,7,0,10,0,0,2,0,0,0,938.0
2000000037_00001,3,2018-01-16 14:39:00+00:00,4,0,0,7,0,10,0,0,2,0,0,0,938.0
2000000037_00001,5,2018-01-16 14:39:00+00:00,4,0,0,7,0,10,0,0,2,0,0,0,938.0
2000000037_00001,4,2018-01-16 14:39:00+00:00,4,0,0,7,0,10,0,0,2,0,0,0,938.0
2000000037_00001,6,2018-01-16 14:39:00+00:00,4,0,0,7,0,10,0,0,2,0,0,0,938.0
2000000037_00001,7,2018-01-16 14:39:00+00:00,4,0,0,7,0,10,0,0,2,0,0,1,938.0
2000000037_00001,8,2018-01-19 22:59:00+00:00,4,0,0,7,0,10,0,0,2,0,0,2,938.0
2000000037_00001,9,2018-01-22 11:44:00+00:00,4,0,0,7,0,10,0,0,2,0,0,1,938.0
2000000037_00001,10,2018-02-08 10:38:00+00:00,4,0,0,7,0,10,0,0,2,0,0,0,938.0
2000000037_00001,11,2018-03-29 13:06:00+00:00,4,0,0,7,0,10,0,0,2,0,0,4,938.0
2000000037_00002,0,2018-01-16 13:39:00+00:00,2,0,0,8,1,10,0,0,1,0,0,0,34.0
2000000037_00002,1,2018-01-16 14:39:00+00:00,2,0,0,8,1,10,0,0,1,0,0,0,34.0
2000000037_00002,2,2018-01-16 14:39:00+00:00,2,0,0,8,1,10,0,0,1,0,0,0,34.0
2000000037_00002,3,2018-01-16 14:39:00+00:00,2,0,0,8,1,10,0,0,1,0,0,0,34.0
2000000037_00002,5,2018-01-16 14:39:00+00:00,2,0,0,8,1,10,0,0,1,0,0,0,34.0
2000000037_00002,4,2018-01-16 14:39:00+00:00,2,0,0,8,1,10,0,0,1,0,0,0,34.0
2000000037_00002,6,2018-01-16 14:39:00+00:00,2,0,0,8,1,10,0,0,1,0,0,0,34.0
2000000037_00002,7,2018-01-16 14:39:00+00:00,2,0,0,8,1,10,0,0,1,0,0,1,34.0
2000000037_00002,8,2018-01-18 22:59:00+00:00,2,0,0,8,1,10,0,0,1,0,0,2,34.0
2000000037_00002,9,2018-01-22 11:44:00+00:00,2,0,0,8,1,10,0,0,1,0,0,1,34.0
2000000037_00002,10,2018-02-08 08:53:00+00:00,2,0,0,8,1,10,0,0,1,0,0,0,34.0
2000000037_00002,11,2018-03-29 13:06:00+00:00,2,0,0,8,1,10,0,0,1,0,0,4,34.0
2000000037_00003,0,2018-01-16 13:39:00+00:00,4,0,0,7,2,10,0,0,2,0,0,0,63.0
2000000037_00003,1,2018-01-16 14:39:00+00:00,4,0,0,7,2,10,0,0,2,0,0,0,63.0
2000000037_00003,2,2018-01-16 14:39:00+00:00,4,0,0,7,2,10,0,0,2,0,0,0,63.0
2000000037_00003,3,2018-01-16 14:39:00+00:00,4,0,0,7,2,10,0,0,2,0,0,0,63.0
2000000037_00003,5,2018-01-16 14:39:00+00:00,4,0,0,7,2,10,0,0,2,0,0,0,63.0
2000000037_00003,4,2018-01-16 14:39:00+00:00,4,0,0,7,2,10,0,0,2,0,0,0,63.0
2000000037_00003,6,2018-01-16 14:39:00+00:00,4,0,0,7,2,10,0,0,2,0,0,0,63.0
2000000037_00003,7,2018-01-16 14:39:00+00:00,4,0,0,7,2,10,0,0,2,0,0,1,63.0
2000000037_00003,8,2018-01-18 22:59:00+00:00,4,0,0,7,2,10,0,0,2,0,0,2,63.0
2000000037_00003,9,2018-01-22 11:44:00+00:00,4,0,0,7,2,10,0,0,2,0,0,1,63.0
2000000037_00003,10,2018-02-08 08:53:00+00:00,4,0,0,7,2,10,0,0,2,0,0,0,63.0
2000000037_00003,11,2018-03-29 13:06:00+00:00,4,0,0,7,2,10,0,0,2,0,0,4,63.0
2000000038_00001,0,2018-01-16 13:39:00+00:00,1,0,0,2,0,11,0,1,1,1,0,0,57.0
2000000038_00001,1,2018-01-16 14:39:00+00:00,1,0,0,2,0,11,0,1,1,1,0,0,57.0
2000000038_00001,2,2018-01-16 14:39:00+00:00,1,0,0,2,0,11,0,1,1,1,0,0,57.0
2000000038_00001,3,2018-01-16 14:39:00+00:00,1,0,0,2,0,11,0,1,1,1,0,0,57.0
2000000038_00001,4,2018-01-16 14:39:00+00:00,1,0,0,2,0,11,0,1,1,1,0,0,57.0
2000000038_00001,5,2018-01-16 14:39:00+00:00,1,0,0,2,0,11,0,1,1,1,0,0,57.0
2000000038_00001,6,2018-01-16 14:39:00+00:00,1,0,0,2,0,11,0,1,1,1,0,0,57.0
2000000038_00001,7,2018-01-16 14:39:00+00:00,1,0,0,2,0,11,0,1,1,1,0,1,57.0
2000000038_00001,8,2018-01-17 22:59:00+00:00,1,0,0,2,0,11,0,1,1,1,0,2,57.0
2000000038_00001,9,2018-01-22 11:45:00+00:00,1,0,0,2,0,11,0,1,1,1,0,1,57.0
2000000038_00001,10,2018-03-09 16:07:00+00:00,1,0,0,2,0,11,0,1,1,1,0,3,57.0
2000000038_00001,11,2018-03-29 13:07:00+00:00,1,0,0,2,0,11,0,1,1,1,0,4,57.0
2000000039_00001,0,2018-01-16 15:40:00+00:00,1,0,0,2,0,12,0,1,1,1,0,0,428.0
2000000039_00001,1,2018-01-16 16:40:00+00:00,1,0,0,2,0,12,0,1,1,1,0,0,428.0
2000000039_00001,2,2018-01-16 16:40:00+00:00,1,0,0,2,0,12,0,1,1,1,0,0,428.0
2000000039_00001,3,2018-01-16 16:40:00+00:00,1,0,0,2,0,12,0,1,1,1,0,0,428.0
2000000039_00001,4,2018-01-16 16:40:00+00:00,1,0,0,2,0,12,0,1,1,1,0,0,428.0
2000000039_00001,5,2018-01-16 16:40:00+00:00,1,0,0,2,0,12,0,1,1,1,0,0,428.0
2000000039_00001,6,2018-01-16 16:40:00+00:00,1,0,0,2,0,12,0,1,1,1,0,0,428.0
2000000039_00001,7,2018-01-16 16:40:00+00:00,1,0,0,2,0,12,0,1,1,1,0,1,428.0
2000000039_00001,8,2018-01-17 22:59:00+00:00,1,0,0,2,0,12,0,1,1,1,0,2,428.0
2000000039_00001,9,2018-01-22 11:46:00+00:00,1,0,0,2,0,12,0,1,1,1,0,1,428.0
2000000039_00001,10,2018-01-23 15:37:00+00:00,1,0,0,2,0,12,0,1,1,1,0,3,428.0
2000000039_00001,11,2018-03-08 12:20:00+00:00,1,0,0,2,0,12,0,1,1,1,0,5,428.0
2000000039_00002,0,2018-01-16 15:40:00+00:00,1,0,0,2,1,12,0,1,1,1,0,0,127.0
2000000039_00002,1,2018-01-16 16:40:00+00:00,1,0,0,2,1,12,0,1,1,1,0,0,127.0
2000000039_00002,2,2018-01-16 16:40:00+00:00,1,0,0,2,1,12,0,1,1,1,0,0,127.0
2000000039_00002,3,2018-01-16 16:40:00+00:00,1,0,0,2,1,12,0,1,1,1,0,0,127.0
2000000039_00002,4,2018-01-16 16:40:00+00:00,1,0,0,2,1,12,0,1,1,1,0,0,127.0
2000000039_00002,5,2018-01-16 16:40:00+00:00,1,0,0,2,1,12,0,1,1,1,0,0,127.0
2000000039_00002,6,2018-01-16 16:40:00+00:00,1,0,0,2,1,12,0,1,1,1,0,0,127.0
2000000039_00002,7,2018-01-16 16:40:00+00:00,1,0,0,2,1,12,0,1,1,1,0,1,127.0
2000000039_00002,8,2018-01-17 22:59:00+00:00,1,0,0,2,1,12,0,1,1,1,0,2,127.0
2000000039_00002,9,2018-01-22 11:46:00+00:00,1,0,0,2,1,12,0,1,1,1,0,1,127.0
2000000039_00002,10,2018-01-23 15:37:00+00:00,1,0,0,2,1,12,0,1,1,1,0,3,127.0
2000000039_00002,11,2018-03-08 12:20:00+00:00,1,0,0,2,1,12,0,1,1,1,0,5,127.0
2000000041_00001,0,2018-01-16 15:41:00+00:00,1,0,0,2,0,13,1,1,1,1,0,0,260.0
2000000041_00001,1,2018-01-16 16:41:00+00:00,1,0,0,2,0,13,1,1,1,1,0,0,260.0
2000000041_00001,2,2018-01-16 16:41:00+00:00,1,0,0,2,0,13,1,1,1,1,0,0,260.0
2000000041_00001,3,2018-01-16 16:41:00+00:00,1,0,0,2,0,13,1,1,1,1,0,0,260.0
2000000041_00001,4,2018-01-16 16:41:00+00:00,1,0,0,2,0,13,1,1,1,1,0,0,260.0
2000000041_00001,5,2018-01-16 16:41:00+00:00,1,0,0,2,0,13,1,1,1,1,0,0,260.0
2000000041_00001,7,2018-01-16 16:41:00+00:00,1,0,0,2,0,13,1,1,1,1,0,1,260.0
2000000041_00001,6,2018-01-16 16:41:00+00:00,1,0,0,2,0,13,1,1,1,1,0,0,260.0
2000000041_00001,8,2018-01-18 22:59:00+00:00,1,0,0,2,0,13,1,1,1,1,0,2,260.0
2000000041_00001,9,2018-01-23 11:53:00+00:00,1,0,0,2,0,13,1,1,1,1,0,1,260.0
2000000041_00001,12,2018-01-23 11:53:00+00:00,1,0,0,2,0,13,1,1,1,1,0,2,260.0
2000000041_00001,10,2018-02-01 15:09:00+00:00,1,0,0,2,0,13,1,1,1,1,0,3,260.0
2000000041_00001,11,2018-02-08 13:44:00+00:00,1,0,0,2,0,13,1,1,1,1,0,4,260.0
2000000042_00001,0,2018-01-16 15:41:00+00:00,1,0,0,2,0,13,1,1,1,1,0,0,45.0
2000000042_00001,1,2018-01-16 16:41:00+00:00,1,0,0,2,0,13,1,1,1,1,0,0,45.0
2000000042_00001,2,2018-01-16 16:41:00+00:00,1,0,0,2,0,13,1,1,1,1,0,0,45.0
2000000042_00001,3,2018-01-16 16:41:00+00:00,1,0,0,2,0,13,1,1,1,1,0,0,45.0
2000000042_00001,4,2018-01-16 16:41:00+00:00,1,0,0,2,0,13,1,1,1,1,0,0,45.0
2000000042_00001,5,2018-01-16 16:41:00+00:00,1,0,0,2,0,13,1,1,1,1,0,0,45.0
2000000042_00001,6,2018-01-16 16:41:00+00:00,1,0,0,2,0,13,1,1,1,1,0,0,45.0
2000000042_00001,7,2018-01-16 16:41:00+00:00,1,0,0,2,0,13,1,1,1,1,0,1,45.0
2000000042_00001,8,2018-01-18 22:59:00+00:00,1,0,0,2,0,13,1,1,1,1,0,2,45.0
2000000042_00001,9,2018-01-23 11:54:00+00:00,1,0,0,2,0,13,1,1,1,1,0,1,45.0
2000000042_00001,12,2018-01-23 11:54:00+00:00,1,0,0,2,0,13,1,1,1,1,0,2,45.0
2000000042_00001,10,2018-01-25 16:38:00+00:00,1,0,0,2,0,13,1,1,1,1,0,6,45.0
2000000042_00001,11,2018-02-08 13:44:00+00:00,1,0,0,2,0,13,1,1,1,1,0,4,45.0
2000000043_00001,0,2018-01-17 06:12:00+00:00,1,0,0,2,0,9,1,1,1,1,0,0,64.0
2000000043_00001,1,2018-01-17 07:12:00+00:00,1,0,0,2,0,9,1,1,1,1,0,0,64.0
2000000043_00001,2,2018-01-17 07:12:00+00:00,1,0,0,2,0,9,1,1,1,1,0,0,64.0
2000000043_00001,3,2018-01-17 07:12:00+00:00,1,0,0,2,0,9,1,1,1,1,0,0,64.0
2000000043_00001,4,2018-01-17 07:12:00+00:00,1,0,0,2,0,9,1,1,1,1,0,0,64.0
2000000043_00001,5,2018-01-17 07:12:00+00:00,1,0,0,2,0,9,1,1,1,1,0,0,64.0
2000000043_00001,6,2018-01-17 07:12:00+00:00,1,0,0,2,0,9,1,1,1,1,0,0,64.0
2000000043_00001,7,2018-01-17 07:12:00+00:00,1,0,0,2,0,9,1,1,1,1,0,1,64.0
2000000044_00001,0,2018-01-17 06:13:00+00:00,1,0,0,9,0,14,0,0,1,0,0,0,181.0
2000000044_00001,1,2018-01-17 07:13:00+00:00,1,0,0,9,0,14,0,0,1,0,0,0,181.0
2000000044_00001,2,2018-01-17 07:13:00+00:00,1,0,0,9,0,14,0,0,1,0,0,0,181.0
2000000044_00001,3,2018-01-17 07:13:00+00:00,1,0,0,9,0,14,0,0,1,0,0,0,181.0
2000000044_00001,4,2018-01-17 07:13:00+00:00,1,0,0,9,0,14,0,0,1,0,0,0,181.0
2000000044_00001,5,2018-01-17 07:13:00+00:00,1,0,0,9,0,14,0,0,1,0,0,0,181.0
2000000044_00001,6,2018-01-17 07:13:00+00:00,1,0,0,9,0,14,0,0,1,0,0,0,181.0
2000000044_00001,7,2018-01-17 07:13:00+00:00,1,0,0,9,0,14,0,0,1,0,0,1,181.0
2000000044_00001,8,2018-01-18 22:59:00+00:00,1,0,0,9,0,14,0,0,1,0,0,2,181.0
2000000044_00001,9,2018-01-19 07:56:00+00:00,1,0,0,9,0,14,0,0,1,0,0,1,181.0
2000000044_00001,10,2018-02-08 09:49:00+00:00,1,0,0,9,0,14,0,0,1,0,0,6,181.0
2000000044_00001,11,2018-03-29 13:06:00+00:00,1,0,0,9,0,14,0,0,1,0,0,4,181.0
2000000045_00001,0,2018-01-17 08:35:00+00:00,2,0,0,3,0,2,0,0,1,0,0,0,646.0
2000000045_00001,1,2018-01-17 09:35:00+00:00,2,0,0,3,0,2,0,0,1,0,0,0,646.0
2000000045_00001,2,2018-01-17 09:35:00+00:00,2,0,0,3,0,2,0,0,1,0,0,0,646.0
2000000045_00001,3,2018-01-17 09:35:00+00:00,2,0,0,3,0,2,0,0,1,0,0,0,646.0
2000000045_00001,5,2018-01-17 09:35:00+00:00,2,0,0,3,0,2,0,0,1,0,0,0,646.0
2000000045_00001,6,2018-01-17 09:35:00+00:00,2,0,0,3,0,2,0,0,1,0,0,0,646.0
2000000045_00001,4,2018-01-17 09:35:00+00:00,2,0,0,3,0,2,0,0,1,0,0,0,646.0
2000000045_00001,7,2018-01-17 09:35:00+00:00,2,0,0,3,0,2,0,0,1,0,0,1,646.0
2000000045_00001,8,2018-01-17 22:59:00+00:00,2,0,0,3,0,2,0,0,1,0,0,2,646.0
2000000045_00001,9,2018-01-19 11:18:00+00:00,2,0,0,3,0,2,0,0,1,0,0,1,646.0
2000000045_00001,10,2018-02-15 13:09:00+00:00,2,0,0,3,0,2,0,0,1,0,0,3,646.0
2000000045_00001,11,2018-03-08 12:21:00+00:00,2,0,0,3,0,2,0,0,1,0,0,5,646.0
2000000045_00002,0,2018-01-17 08:35:00+00:00,2,0,0,3,1,2,0,0,1,0,0,0,49.0
2000000045_00002,1,2018-01-17 09:35:00+00:00,2,0,0,3,1,2,0,0,1,0,0,0,49.0
2000000045_00002,2,2018-01-17 09:35:00+00:00,2,0,0,3,1,2,0,0,1,0,0,0,49.0
2000000045_00002,3,2018-01-17 09:35:00+00:00,2,0,0,3,1,2,0,0,1,0,0,0,49.0
2000000045_00002,5,2018-01-17 09:35:00+00:00,2,0,0,3,1,2,0,0,1,0,0,0,49.0
2000000045_00002,6,2018-01-17 09:35:00+00:00,2,0,0,3,1,2,0,0,1,0,0,0,49.0
2000000045_00002,4,2018-01-17 09:35:00+00:00,2,0,0,3,1,2,0,0,1,0,0,0,49.0
2000000045_00002,7,2018-01-17 09:35:00+00:00,2,0,0,3,1,2,0,0,1,0,0,1,49.0
2000000045_00002,8,2018-01-17 22:59:00+00:00,2,0,0,3,1,2,0,0,1,0,0,2,49.0
2000000045_00002,9,2018-01-19 11:18:00+00:00,2,0,0,3,1,2,0,0,1,0,0,1,49.0
2000000045_00002,10,2018-02-15 13:09:00+00:00,2,0,0,3,1,2,0,0,1,0,0,3,49.0
2000000045_00002,11,2018-03-08 12:21:00+00:00,2,0,0,3,1,2,0,0,1,0,0,5,49.0
2000000046_00001,0,2018-01-17 09:54:00+00:00,5,0,0,10,0,15,1,1,1,1,0,0,173.0
2000000046_00001,1,2018-01-17 10:54:00+00:00,5,0,0,10,0,15,1,1,1,1,0,0,173.0
2000000046_00001,2,2018-01-17 10:54:00+00:00,5,0,0,10,0,15,1,1,1,1,0,0,173.0
2000000046_00001,3,2018-01-17 10:54:00+00:00,5,0,0,10,0,15,1,1,1,1,0,0,173.0
2000000046_00001,5,2018-01-17 10:54:00+00:00,5,0,0,10,0,15,1,1,1,1,0,0,173.0
2000000046_00001,4,2018-01-17 10:54:00+00:00,5,0,0,10,0,15,1,1,1,1,0,0,173.0
2000000046_00001,7,2018-01-17 10:54:00+00:00,5,0,0,10,0,15,1,1,1,1,0,1,173.0
2000000046_00001,6,2018-01-17 10:54:00+00:00,5,0,0,10,0,15,1,1,1,1,0,0,173.0
2000000046_00001,9,2018-01-24 10:39:00+00:00,5,0,0,10,0,15,1,1,1,1,0,1,173.0
2000000046_00001,12,2018-01-24 10:39:00+00:00,5,0,0,10,0,15,1,1,1,1,0,2,173.0
2000000046_00001,8,2018-01-29 22:59:00+00:00,5,0,0,10,0,15,1,1,1,1,0,2,173.0
2000000046_00001,10,2018-02-07 13:46:00+00:00,5,0,0,10,0,15,1,1,1,1,0,3,173.0
2000000046_00001,11,2018-02-08 13:44:00+00:00,5,0,0,10,0,15,1,1,1,1,0,4,173.0
2000000048_00001,0,2018-01-17 14:36:00+00:00,1,0,0,2,0,16,1,1,1,1,0,0,828.0
2000000048_00001,1,2018-01-17 15:36:00+00:00,1,0,0,2,0,16,1,1,1,1,0,0,828.0
2000000048_00001,2,2018-01-17 15:36:00+00:00,1,0,0,2,0,16,1,1,1,1,0,0,828.0
2000000048_00001,3,2018-01-17 15:36:00+00:00,1,0,0,2,0,16,1,1,1,1,0,0,828.0
2000000048_00001,4,2018-01-17 15:36:00+00:00,1,0,0,2,0,16,1,1,1,1,0,0,828.0
2000000048_00001,5,2018-01-17 15:36:00+00:00,1,0,0,2,0,16,1,1,1,1,0,0,828.0
2000000048_00001,6,2018-01-17 15:36:00+00:00,1,0,0,2,0,16,1,1,1,1,0,0,828.0
2000000048_00001,7,2018-01-17 15:36:00+00:00,1,0,0,2,0,16,1,1,1,1,0,1,828.0
2000000048_00001,8,2018-01-19 22:59:00+00:00,1,0,0,2,0,16,1,1,1,1,0,2,828.0
2000000048_00001,9,2018-01-23 13:47:00+00:00,1,0,0,2,0,16,1,1,1,1,0,1,828.0
2000000048_00001,12,2018-01-23 13:47:00+00:00,1,0,0,2,0,16,1,1,1,1,0,2,828.0
2000000048_00001,10,2018-02-05 08:48:00+00:00,1,0,0,2,0,16,1,1,1,1,0,10,828.0
2000000048_00001,11,2018-03-15 13:13:00+00:00,1,0,0,2,0,16,1,1,1,1,0,5,828.0
2000000049_00001,0,2018-01-18 12:29:00+00:00,0,0,0,0,0,17,0,1,0,1,0,0,412.0
2000000049_00001,1,2018-01-18 13:29:00+00:00,0,0,0,0,0,17,0,1,0,1,0,0,412.0
2000000049_00001,2,2018-01-18 13:29:00+00:00,0,0,0,0,0,17,0,1,0,1,0,0,412.0
2000000049_00001,3,2018-01-18 13:29:00+00:00,0,0,0,0,0,17,0,1,0,1,0,0,412.0
2000000049_00001,4,2018-01-18 13:29:00+00:00,0,0,0,0,0,17,0,1,0,1,0,0,412.0
2000000049_00001,5,2018-01-18 13:29:00+00:00,0,0,0,0,0,17,0,1,0,1,0,0,412.0
2000000049_00001,6,2018-01-18 13:29:00+00:00,0,0,0,0,0,17,0,1,0,1,0,0,412.0
2000000049_00001,7,2018-01-18 13:29:00+00:00,0,0,0,0,0,17,0,1,0,1,0,1,412.0
2000000049_00001,8,2018-02-28 22:59:00+00:00,0,0,0,0,0,17,0,1,0,1,0,2,412.0
2000000049_00001,9,2018-03-05 09:52:00+00:00,0,0,0,0,0,17,0,1,0,1,0,1,412.0
2000000049_00001,10,2018-03-09 16:17:00+00:00,0,0,0,0,0,17,0,1,0,1,0,0,412.0
2000000049_00001,11,2018-05-09 12:10:00+00:00,0,0,0,0,0,17,0,1,0,1,0,4,412.0
2000000050_00001,0,2018-01-18 13:11:00+00:00,1,0,0,1,0,18,0,0,1,0,0,0,2726.0
2000000050_00001,1,2018-01-18 14:11:00+00:00,1,0,0,1,0,18,0,0,1,0,0,0,2726.0
2000000050_00001,2,2018-01-18 14:11:00+00:00,1,0,0,1,0,18,0,0,1,0,0,0,2726.0
2000000050_00001,3,2018-01-18 14:11:00+00:00,1,0,0,1,0,18,0,0,1,0,0,0,2726.0
2000000050_00001,4,2018-01-18 14:11:00+00:00,1,0,0,1,0,18,0,0,1,0,0,0,2726.0
2000000050_00001,5,2018-01-18 14:11:00+00:00,1,0,0,1,0,18,0,0,1,0,0,0,2726.0
2000000050_00001,6,2018-01-18 14:11:00+00:00,1,0,0,1,0,18,0,0,1,0,0,0,2726.0
2000000050_00001,7,2018-01-18 14:11:00+00:00,1,0,0,1,0,18,0,0,1,0,0,1,2726.0
2000000050_00001,9,2018-02-06 15:36:00+00:00,1,0,0,1,0,18,0,0,1,0,0,1,2726.0
2000000050_00001,8,2018-02-07 22:59:00+00:00,1,0,0,1,0,18,0,0,1,0,0,2,2726.0
2000000050_00001,10,2018-03-22 08:03:00+00:00,1,0,0,1,0,18,0,0,1,0,0,0,2726.0
2000000050_00001,11,2018-04-05 13:49:00+00:00,1,0,0,1,0,18,0,0,1,0,0,4,2726.0
2000000051_00001,0,2018-01-18 13:23:00+00:00,1,0,0,2,0,12,0,1,1,1,0,0,33.0
2000000051_00001,1,2018-01-18 14:24:00+00:00,1,0,0,2,0,12,0,1,1,1,0,0,33.0
2000000051_00001,2,2018-01-18 14:24:00+00:00,1,0,0,2,0,12,0,1,1,1,0,0,33.0
2000000051_00001,3,2018-01-18 14:24:00+00:00,1,0,0,2,0,12,0,1,1,1,0,0,33.0
2000000051_00001,4,2018-01-18 14:24:00+00:00,1,0,0,2,0,12,0,1,1,1,0,0,33.0
2000000051_00001,5,2018-01-18 14:24:00+00:00,1,0,0,2,0,12,0,1,1,1,0,0,33.0
2000000051_00001,6,2018-01-18 14:24:00+00:00,1,0,0,2,0,12,0,1,1,1,0,0,33.0
2000000051_00001,7,2018-01-18 14:24:00+00:00,1,0,0,2,0,12,0,1,1,1,0,1,33.0
2000000051_00001,8,2018-01-19 22:59:00+00:00,1,0,0,2,0,12,0,1,1,1,0,2,33.0
2000000051_00001,9,2018-01-23 14:16:00+00:00,1,0,0,2,0,12,0,1,1,1,0,1,33.0
2000000051_00001,10,2018-02-07 14:20:00+00:00,1,0,0,2,0,12,0,1,1,1,0,11,33.0
2000000051_00001,11,2018-03-08 12:20:00+00:00,1,0,0,2,0,12,0,1,1,1,0,5,33.0
2000000054_00001,0,2018-01-19 08:21:00+00:00,4,0,0,7,0,10,0,0,2,0,0,0,179.0
2000000054_00001,1,2018-01-19 09:21:00+00:00,4,0,0,7,0,10,0,0,2,0,0,0,179.0
2000000054_00001,2,2018-01-19 09:21:00+00:00,4,0,0,7,0,10,0,0,2,0,0,0,179.0
2000000054_00001,3,2018-01-19 09:21:00+00:00,4,0,0,7,0,10,0,0,2,0,0,0,179.0
2000000054_00001,4,2018-01-19 09:21:00+00:00,4,0,0,7,0,10,0,0,2,0,0,0,179.0
2000000054_00001,5,2018-01-19 09:21:00+00:00,4,0,0,7,0,10,0,0,2,0,0,0,179.0
2000000054_00001,6,2018-01-19 09:21:00+00:00,4,0,0,7,0,10,0,0,2,0,0,0,179.0
2000000054_00001,7,2018-01-19 09:21:00+00:00,4,0,0,7,0,10,0,0,2,0,0,1,179.0
2000000054_00001,10,2018-01-23 13:51:00+00:00,4,0,0,7,0,10,0,0,2,0,0,12,179.0
2000000054_00001,8,2018-01-23 22:59:00+00:00,4,0,0,7,0,10,0,0,2,0,0,2,179.0
2000000054_00001,9,2018-01-24 15:04:00+00:00,4,0,0,7,0,10,0,0,2,0,0,1,179.0
2000000054_00001,13,2018-01-24 15:44:00+00:00,4,0,0,7,0,10,0,0,2,0,0,7,179.0
2000000054_00001,11,2018-03-29 13:06:00+00:00,4,0,0,7,0,10,0,0,2,0,0,4,179.0
2000000054_00002,0,2018-01-19 08:21:00+00:00,4,0,0,7,1,10,0,0,2,0,0,0,23.0
2000000054_00002,1,2018-01-19 09:21:00+00:00,4,0,0,7,1,10,0,0,2,0,0,0,23.0
2000000054_00002,2,2018-01-19 09:21:00+00:00,4,0,0,7,1,10,0,0,2,0,0,0,23.0
2000000054_00002,3,2018-01-19 09:21:00+00:00,4,0,0,7,1,10,0,0,2,0,0,0,23.0
2000000054_00002,4,2018-01-19 09:21:00+00:00,4,0,0,7,1,10,0,0,2,0,0,0,23.0
2000000054_00002,5,2018-01-19 09:21:00+00:00,4,0,0,7,1,10,0,0,2,0,0,0,23.0
2000000054_00002,6,2018-01-19 09:21:00+00:00,4,0,0,7,1,10,0,0,2,0,0,0,23.0
2000000054_00002,7,2018-01-19 09:21:00+00:00,4,0,0,7,1,10,0,0,2,0,0,1,23.0
2000000054_00002,8,2018-01-22 22:59:00+00:00,4,0,0,7,1,10,0,0,2,0,0,2,23.0
2000000054_00002,9,2018-01-23 11:58:00+00:00,4,0,0,7,1,10,0,0,2,0,0,1,23.0
2000000054_00002,10,2018-02-05 08:40:00+00:00,4,0,0,7,1,10,0,0,2,0,0,10,23.0
2000000054_00002,11,2018-03-29 13:06:00+00:00,4,0,0,7,1,10,0,0,2,0,0,4,23.0
2000000054_00003,0,2018-01-19 08:21:00+00:00,4,0,0,7,2,10,0,0,2,0,0,0,526.0
2000000054_00003,1,2018-01-19 09:21:00+00:00,4,0,0,7,2,10,0,0,2,0,0,0,526.0
2000000054_00003,2,2018-01-19 09:21:00+00:00,4,0,0,7,2,10,0,0,2,0,0,0,526.0
2000000054_00003,3,2018-01-19 09:21:00+00:00,4,0,0,7,2,10,0,0,2,0,0,0,526.0
2000000054_00003,4,2018-01-19 09:21:00+00:00,4,0,0,7,2,10,0,0,2,0,0,0,526.0
2000000054_00003,5,2018-01-19 09:21:00+00:00,4,0,0,7,2,10,0,0,2,0,0,0,526.0
2000000054_00003,6,2018-01-19 09:21:00+00:00,4,0,0,7,2,10,0,0,2,0,0,0,526.0
2000000054_00003,7,2018-01-19 09:21:00+00:00,4,0,0,7,2,10,0,0,2,0,0,1,526.0
2000000054_00003,10,2018-01-24 09:39:00+00:00,4,0,0,7,2,10,0,0,2,0,0,10,526.0
2000000054_00003,9,2018-01-24 15:04:00+00:00,4,0,0,7,2,10,0,0,2,0,0,1,526.0
2000000054_00003,13,2018-01-24 15:44:00+00:00,4,0,0,7,2,10,0,0,2,0,0,7,526.0
2000000054_00003,8,2018-01-24 22:59:00+00:00,4,0,0,7,2,10,0,0,2,0,0,2,526.0
2000000054_00003,11,2018-03-29 13:06:00+00:00,4,0,0,7,2,10,0,0,2,0,0,4,526.0
2000000054_00004,0,2018-01-19 08:21:00+00:00,4,0,0,7,3,10,0,0,2,0,0,0,459.0
2000000054_00004,1,2018-01-19 09:21:00+00:00,4,0,0,7,3,10,0,0,2,0,0,0,459.0
2000000054_00004,2,2018-01-19 09:21:00+00:00,4,0,0,7,3,10,0,0,2,0,0,0,459.0
2000000054_00004,3,2018-01-19 09:21:00+00:00,4,0,0,7,3,10,0,0,2,0,0,0,459.0
2000000054_00004,4,2018-01-19 09:21:00+00:00,4,0,0,7,3,10,0,0,2,0,0,0,459.0
2000000054_00004,5,2018-01-19 09:21:00+00:00,4,0,0,7,3,10,0,0,2,0,0,0,459.0
2000000054_00004,6,2018-01-19 09:21:00+00:00,4,0,0,7,3,10,0,0,2,0,0,0,459.0
2000000054_00004,7,2018-01-19 09:21:00+00:00,4,0,0,7,3,10,0,0,2,0,0,1,459.0
2000000054_00004,9,2018-01-23 11:58:00+00:00,4,0,0,7,3,10,0,0,2,0,0,1,459.0
2000000054_00004,10,2018-01-23 13:51:00+00:00,4,0,0,7,3,10,0,0,2,0,0,12,459.0
2000000054_00004,8,2018-01-23 22:59:00+00:00,4,0,0,7,3,10,0,0,2,0,0,2,459.0
2000000054_00004,13,2018-01-24 15:44:00+00:00,4,0,0,7,3,10,0,0,2,0,0,7,459.0
2000000054_00004,11,2018-03-29 13:06:00+00:00,4,0,0,7,3,10,0,0,2,0,0,4,459.0
2000000073_00001,0,2018-01-22 06:34:00+00:00,1,0,0,1,0,0,0,0,1,0,0,0,83.0
2000000073_00001,1,2018-01-22 07:34:00+00:00,1,0,0,1,0,0,0,0,1,0,0,0,83.0
2000000073_00001,2,2018-01-22 07:34:00+00:00,1,0,0,1,0,0,0,0,1,0,0,0,83.0
2000000073_00001,3,2018-01-22 07:34:00+00:00,1,0,0,1,0,0,0,0,1,0,0,0,83.0
2000000073_00001,6,2018-01-22 07:34:00+00:00,1,0,0,1,0,0,0,0,1,0,0,0,83.0
2000000073_00001,5,2018-01-22 07:34:00+00:00,1,0,0,1,0,0,0,0,1,0,0,0,83.0
2000000073_00001,4,2018-01-22 07:34:00+00:00,1,0,0,1,0,0,0,0,1,0,0,0,83.0
2000000073_00001,7,2018-01-22 07:34:00+00:00,1,0,0,1,0,0,0,0,1,0,0,1,83.0
2000000073_00001,8,2018-01-22 22:59:00+00:00,1,0,0,1,0,0,0,0,1,0,0,2,83.0
2000000073_00001,9,2018-01-31 08:40:00+00:00,1,0,0,1,0,0,0,0,1,0,0,1,83.0
2000000073_00001,10,2018-02-06 08:58:00+00:00,1,0,0,1,0,0,0,0,1,0,0,11,83.0
2000000073_00001,11,2018-03-29 13:06:00+00:00,1,0,0,1,0,0,0,0,1,0,0,4,83.0
2000000074_00001,0,2018-01-22 09:14:00+00:00,1,0,0,2,0,12,0,1,1,1,0,0,132.0
2000000074_00001,1,2018-01-22 10:14:00+00:00,1,0,0,2,0,12,0,1,1,1,0,0,132.0
2000000074_00001,2,2018-01-22 10:14:00+00:00,1,0,0,2,0,12,0,1,1,1,0,0,132.0
2000000074_00001,3,2018-01-22 10:14:00+00:00,1,0,0,2,0,12,0,1,1,1,0,0,132.0
2000000074_00001,4,2018-01-22 10:14:00+00:00,1,0,0,2,0,12,0,1,1,1,0,0,132.0
2000000074_00001,5,2018-01-22 10:14:00+00:00,1,0,0,2,0,12,0,1,1,1,0,0,132.0
2000000074_00001,6,2018-01-22 10:14:00+00:00,1,0,0,2,0,12,0,1,1,1,0,0,132.0
2000000074_00001,7,2018-01-22 10:14:00+00:00,1,0,0,2,0,12,0,1,1,1,0,1,132.0
2000000074_00001,8,2018-01-22 22:59:00+00:00,1,0,0,2,0,12,0,1,1,1,0,2,132.0
2000000074_00001,9,2018-01-24 14:59:00+00:00,1,0,0,2,0,12,0,1,1,1,0,1,132.0
2000000074_00001,10,2018-01-24 16:26:00+00:00,1,0,0,2,0,12,0,1,1,1,0,3,132.0
2000000074_00001,11,2018-03-08 12:20:00+00:00,1,0,0,2,0,12,0,1,1,1,0,5,132.0
2000000075_00001,0,2018-01-22 09:14:00+00:00,1,0,0,2,0,11,0,1,1,1,0,0,147.0
2000000075_00001,1,2018-01-22 10:14:00+00:00,1,0,0,2,0,11,0,1,1,1,0,0,147.0
2000000075_00001,2,2018-01-22 10:14:00+00:00,1,0,0,2,0,11,0,1,1,1,0,0,147.0
2000000075_00001,3,2018-01-22 10:14:00+00:00,1,0,0,2,0,11,0,1,1,1,0,0,147.0
2000000075_00001,4,2018-01-22 10:14:00+00:00,1,0,0,2,0,11,0,1,1,1,0,0,147.0
2000000075_00001,6,2018-01-22 10:14:00+00:00,1,0,0,2,0,11,0,1,1,1,0,0,147.0
2000000075_00001,5,2018-01-22 10:14:00+00:00,1,0,0,2,0,11,0,1,1,1,0,0,147.0
2000000075_00001,7,2018-01-22 10:14:00+00:00,1,0,0,2,0,11,0,1,1,1,0,1,147.0
2000000075_00001,8,2018-01-23 22:59:00+00:00,1,0,0,2,0,11,0,1,1,1,0,2,147.0
2000000075_00001,9,2018-01-29 13:12:00+00:00,1,0,0,2,0,11,0,1,1,1,0,1,147.0
2000000075_00001,10,2018-02-06 09:14:00+00:00,1,0,0,2,0,11,0,1,1,1,0,11,147.0
2000000075_00001,11,2018-03-29 13:07:00+00:00,1,0,0,2,0,11,0,1,1,1,0,4,147.0
2000000076_00001,0,2018-01-22 09:14:00+00:00,1,0,0,11,0,19,0,0,1,0,0,0,51.0
2000000076_00001,1,2018-01-22 10:14:00+00:00,1,0,0,11,0,19,0,0,1,0,0,0,51.0
2000000076_00001,2,2018-01-22 10:14:00+00:00,1,0,0,11,0,19,0,0,1,0,0,0,51.0
2000000076_00001,3,2018-01-22 10:14:00+00:00,1,0,0,11,0,19,0,0,1,0,0,0,51.0
2000000076_00001,4,2018-01-22 10:14:00+00:00,1,0,0,11,0,19,0,0,1,0,0,0,51.0
2000000076_00001,5,2018-01-22 10:14:00+00:00,1,0,0,11,0,19,0,0,1,0,0,0,51.0
2000000076_00001,6,2018-01-22 10:14:00+00:00,1,0,0,11,0,19,0,0,1,0,0,0,51.0
2000000076_00001,7,2018-01-22 10:14:00+00:00,1,0,0,11,0,19,0,0,1,0,0,1,51.0
2000000076_00001,8,2018-01-29 22:59:00+00:00,1,0,0,11,0,19,0,0,1,0,0,2,51.0
2000000076_00001,9,2018-01-31 10:03:00+00:00,1,0,0,11,0,19,0,0,1,0,0,1,51.0
2000000076_00001,10,2018-02-08 13:58:00+00:00,1,0,0,11,0,19,0,0,1,0,0,6,51.0
2000000076_00001,11,2018-03-08 12:20:00+00:00,1,0,0,11,0,19,0,0,1,0,0,5,51.0
2000000076_00002,0,2018-01-22 09:14:00+00:00,1,0,0,11,1,19,0,0,1,0,0,0,159.0
2000000076_00002,1,2018-01-22 10:14:00+00:00,1,0,0,11,1,19,0,0,1,0,0,0,159.0
2000000076_00002,2,2018-01-22 10:14:00+00:00,1,0,0,11,1,19,0,0,1,0,0,0,159.0
2000000076_00002,3,2018-01-22 10:14:00+00:00,1,0,0,11,1,19,0,0,1,0,0,0,159.0
2000000076_00002,4,2018-01-22 10:14:00+00:00,1,0,0,11,1,19,0,0,1,0,0,0,159.0
2000000076_00002,5,2018-01-22 10:14:00+00:00,1,0,0,11,1,19,0,0,1,0,0,0,159.0
2000000076_00002,6,2018-01-22 10:14:00+00:00,1,0,0,11,1,19,0,0,1,0,0,0,159.0
2000000076_00002,7,2018-01-22 10:14:00+00:00,1,0,0,11,1,19,0,0,1,0,0,1,159.0
2000000076_00002,8,2018-01-29 22:59:00+00:00,1,0,0,11,1,19,0,0,1,0,0,2,159.0
2000000076_00002,9,2018-01-31 10:03:00+00:00,1,0,0,11,1,19,0,0,1,0,0,1,159.0
2000000076_00002,10,2018-02-08 13:58:00+00:00,1,0,0,11,1,19,0,0,1,0,0,6,159.0
2000000076_00002,11,2018-03-08 12:20:00+00:00,1,0,0,11,1,19,0,0,1,0,0,5,159.0
2000000076_00003,0,2018-01-22 09:14:00+00:00,1,0,0,11,2,19,1,1,1,1,0,0,21.0
2000000076_00003,1,2018-01-22 10:14:00+00:00,1,0,0,11,2,19,1,1,1,1,0,0,21.0
2000000076_00003,2,2018-01-22 10:14:00+00:00,1,0,0,11,2,19,1,1,1,1,0,0,21.0
2000000076_00003,3,2018-01-22 10:14:00+00:00,1,0,0,11,2,19,1,1,1,1,0,0,21.0
2000000076_00003,4,2018-01-22 10:14:00+00:00,1,0,0,11,2,19,1,1,1,1,0,0,21.0
2000000076_00003,5,2018-01-22 10:14:00+00:00,1,0,0,11,2,19,1,1,1,1,0,0,21.0
2000000076_00003,6,2018-01-22 10:14:00+00:00,1,0,0,11,2,19,1,1,1,1,0,0,21.0
2000000076_00003,7,2018-01-22 10:14:00+00:00,1,0,0,11,2,19,1,1,1,1,0,1,21.0
2000000077_00001,0,2018-01-22 09:14:00+00:00,4,0,0,7,0,20,0,0,2,0,0,0,86.0
2000000077_00001,1,2018-01-22 10:14:00+00:00,4,0,0,7,0,20,0,0,2,0,0,0,86.0
2000000077_00001,2,2018-01-22 10:14:00+00:00,4,0,0,7,0,20,0,0,2,0,0,0,86.0
2000000077_00001,3,2018-01-22 10:14:00+00:00,4,0,0,7,0,20,0,0,2,0,0,0,86.0
2000000077_00001,4,2018-01-22 10:14:00+00:00,4,0,0,7,0,20,0,0,2,0,0,0,86.0
2000000077_00001,5,2018-01-22 10:14:00+00:00,4,0,0,7,0,20,0,0,2,0,0,0,86.0
2000000077_00001,7,2018-01-22 10:14:00+00:00,4,0,0,7,0,20,0,0,2,0,0,1,86.0
2000000077_00001,6,2018-01-22 10:14:00+00:00,4,0,0,7,0,20,0,0,2,0,0,0,86.0
2000000077_00001,9,2018-01-26 11:42:00+00:00,4,0,0,7,0,20,0,0,2,0,0,1,86.0
2000000077_00001,8,2018-01-26 22:59:00+00:00,4,0,0,7,0,20,0,0,2,0,0,2,86.0
2000000077_00001,10,2018-03-13 15:54:00+00:00,4,0,0,7,0,20,0,0,2,0,0,13,86.0
2000000077_00001,11,2018-04-05 13:48:00+00:00,4,0,0,7,0,20,0,0,2,0,0,4,86.0
2000000077_00002,0,2018-01-22 09:14:00+00:00,4,0,0,7,1,20,1,1,2,1,0,0,33.0
2000000077_00002,1,2018-01-22 10:14:00+00:00,4,0,0,7,1,20,1,1,2,1,0,0,33.0
2000000077_00002,2,2018-01-22 10:14:00+00:00,4,0,0,7,1,20,1,1,2,1,0,0,33.0
2000000077_00002,3,2018-01-22 10:14:00+00:00,4,0,0,7,1,20,1,1,2,1,0,0,33.0
2000000077_00002,4,2018-01-22 10:14:00+00:00,4,0,0,7,1,20,1,1,2,1,0,0,33.0
2000000077_00002,5,2018-01-22 10:14:00+00:00,4,0,0,7,1,20,1,1,2,1,0,0,33.0
2000000077_00002,7,2018-01-22 10:14:00+00:00,4,0,0,7,1,20,1,1,2,1,0,1,33.0
2000000077_00002,6,2018-01-22 10:14:00+00:00,4,0,0,7,1,20,1,1,2,1,0,0,33.0
2000000079_00001,0,2018-01-23 11:33:00+00:00,4,0,0,7,0,10,0,0,2,0,0,0,141.0
2000000079_00001,1,2018-01-23 12:33:00+00:00,4,0,0,7,0,10,0,0,2,0,0,0,141.0
2000000079_00001,2,2018-01-23 12:33:00+00:00,4,0,0,7,0,10,0,0,2,0,0,0,141.0
2000000079_00001,3,2018-01-23 12:33:00+00:00,4,0,0,7,0,10,0,0,2,0,0,0,141.0
2000000079_00001,5,2018-01-23 12:33:00+00:00,4,0,0,7,0,10,0,0,2,0,0,0,141.0
2000000079_00001,4,2018-01-23 12:33:00+00:00,4,0,0,7,0,10,0,0,2,0,0,0,141.0
2000000079_00001,6,2018-01-23 12:33:00+00:00,4,0,0,7,0,10,0,0,2,0,0,0,141.0
2000000079_00001,7,2018-01-23 12:33:00+00:00,4,0,0,7,0,10,0,0,2,0,0,1,141.0
2000000079_00001,8,2018-01-26 22:59:00+00:00,4,0,0,7,0,10,0,0,2,0,0,2,141.0
2000000079_00001,9,2018-01-29 13:13:00+00:00,4,0,0,7,0,10,0,0,2,0,0,1,141.0
2000000079_00001,10,2018-03-12 16:07:00+00:00,4,0,0,7,0,10,0,0,2,0,0,3,141.0
2000000079_00001,11,2018-03-29 13:06:00+00:00,4,0,0,7,0,10,0,0,2,0,0,4,141.0
2000000079_00002,0,2018-01-23 11:33:00+00:00,4,0,0,7,1,10,0,0,2,0,0,0,113.0
2000000079_00002,1,2018-01-23 12:33:00+00:00,4,0,0,7,1,10,0,0,2,0,0,0,113.0
2000000079_00002,2,2018-01-23 12:33:00+00:00,4,0,0,7,1,10,0,0,2,0,0,0,113.0
2000000079_00002,3,2018-01-23 12:33:00+00:00,4,0,0,7,1,10,0,0,2,0,0,0,113.0
2000000079_00002,5,2018-01-23 12:33:00+00:00,4,0,0,7,1,10,0,0,2,0,0,0,113.0
2000000079_00002,4,2018-01-23 12:33:00+00:00,4,0,0,7,1,10,0,0,2,0,0,0,113.0
2000000079_00002,6,2018-01-23 12:33:00+00:00,4,0,0,7,1,10,0,0,2,0,0,0,113.0
2000000079_00002,7,2018-01-23 12:33:00+00:00,4,0,0,7,1,10,0,0,2,0,0,1,113.0
2000000079_00002,8,2018-01-24 22:59:00+00:00,4,0,0,7,1,10,0,0,2,0,0,2,113.0
2000000079_00002,9,2018-01-25 09:46:00+00:00,4,0,0,7,1,10,0,0,2,0,0,1,113.0
2000000079_00002,10,2018-03-12 16:05:00+00:00,4,0,0,7,1,10,0,0,2,0,0,3,113.0
2000000079_00002,11,2018-03-29 13:06:00+00:00,4,0,0,7,1,10,0,0,2,0,0,4,113.0
2000000079_00003,0,2018-01-23 11:33:00+00:00,4,0,0,7,2,10,0,0,2,0,0,0,121.0
2000000079_00003,1,2018-01-23 12:33:00+00:00,4,0,0,7,2,10,0,0,2,0,0,0,121.0
2000000079_00003,2,2018-01-23 12:33:00+00:00,4,0,0,7,2,10,0,0,2,0,0,0,121.0
2000000079_00003,3,2018-01-23 12:33:00+00:00,4,0,0,7,2,10,0,0,2,0,0,0,121.0
2000000079_00003,5,2018-01-23 12:33:00+00:00,4,0,0,7,2,10,0,0,2,0,0,0,121.0
2000000079_00003,4,2018-01-23 12:33:00+00:00,4,0,0,7,2,10,0,0,2,0,0,0,121.0
2000000079_00003,6,2018-01-23 12:33:00+00:00,4,0,0,7,2,10,0,0,2,0,0,0,121.0
2000000079_00003,7,2018-01-23 12:33:00+00:00,4,0,0,7,2,10,0,0,2,0,0,1,121.0
2000000079_00003,8,2018-01-24 22:59:00+00:00,4,0,0,7,2,10,0,0,2,0,0,2,121.0
2000000079_00003,9,2018-01-25 09:46:00+00:00,4,0,0,7,2,10,0,0,2,0,0,1,121.0
2000000079_00003,10,2018-03-12 16:05:00+00:00,4,0,0,7,2,10,0,0,2,0,0,3,121.0
2000000079_00003,11,2018-03-29 13:06:00+00:00,4,0,0,7,2,10,0,0,2,0,0,4,121.0
2000000080_00001,0,2018-01-23 13:24:00+00:00,1,0,0,2,0,16,0,0,1,0,0,0,362.0
2000000080_00001,1,2018-01-23 14:24:00+00:00,1,0,0,2,0,16,0,0,1,0,0,0,362.0
2000000080_00001,2,2018-01-23 14:24:00+00:00,1,0,0,2,0,16,0,0,1,0,0,0,362.0
2000000080_00001,3,2018-01-23 14:24:00+00:00,1,0,0,2,0,16,0,0,1,0,0,0,362.0
2000000080_00001,4,2018-01-23 14:24:00+00:00,1,0,0,2,0,16,0,0,1,0,0,0,362.0
2000000080_00001,5,2018-01-23 14:24:00+00:00,1,0,0,2,0,16,0,0,1,0,0,0,362.0
2000000080_00001,6,2018-01-23 14:24:00+00:00,1,0,0,2,0,16,0,0,1,0,0,0,362.0
2000000080_00001,7,2018-01-23 14:24:00+00:00,1,0,0,2,0,16,0,0,1,0,0,1,362.0
2000000080_00001,8,2018-01-29 22:59:00+00:00,1,0,0,2,0,16,0,0,1,0,0,2,362.0
2000000080_00001,9,2018-01-30 15:59:00+00:00,1,0,0,2,0,16,0,0,1,0,0,1,362.0
2000000080_00001,10,2018-02-08 10:38:00+00:00,1,0,0,2,0,16,0,0,1,0,0,0,362.0
2000000080_00001,11,2018-03-22 12:30:00+00:00,1,0,0,2,0,16,0,0,1,0,0,5,362.0
2000000080_00002,0,2018-01-23 13:24:00+00:00,1,0,0,2,1,16,1,1,1,1,0,0,77.0
2000000080_00002,1,2018-01-23 14:24:00+00:00,1,0,0,2,1,16,1,1,1,1,0,0,77.0
2000000080_00002,2,2018-01-23 14:24:00+00:00,1,0,0,2,1,16,1,1,1,1,0,0,77.0
2000000080_00002,3,2018-01-23 14:24:00+00:00,1,0,0,2,1,16,1,1,1,1,0,0,77.0
2000000080_00002,4,2018-01-23 14:24:00+00:00,1,0,0,2,1,16,1,1,1,1,0,0,77.0
2000000080_00002,5,2018-01-23 14:24:00+00:00,1,0,0,2,1,16,1,1,1,1,0,0,77.0
2000000080_00002,6,2018-01-23 14:24:00+00:00,1,0,0,2,1,16,1,1,1,1,0,0,77.0
2000000080_00002,7,2018-01-23 14:24:00+00:00,1,0,0,2,1,16,1,1,1,1,0,1,77.0
2000000082_00001,0,2018-01-24 06:13:00+00:00,1,0,0,2,0,21,0,0,1,0,0,0,710.0
2000000082_00001,1,2018-01-24 07:13:00+00:00,1,0,0,2,0,21,0,0,1,0,0,0,710.0
2000000082_00001,2,2018-01-24 07:13:00+00:00,1,0,0,2,0,21,0,0,1,0,0,0,710.0
2000000082_00001,3,2018-01-24 07:13:00+00:00,1,0,0,2,0,21,0,0,1,0,0,0,710.0
2000000082_00001,4,2018-01-24 07:13:00+00:00,1,0,0,2,0,21,0,0,1,0,0,0,710.0
2000000082_00001,5,2018-01-24 07:13:00+00:00,1,0,0,2,0,21,0,0,1,0,0,0,710.0
2000000082_00001,6,2018-01-24 07:13:00+00:00,1,0,0,2,0,21,0,0,1,0,0,0,710.0
2000000082_00001,7,2018-01-24 07:13:00+00:00,1,0,0,2,0,21,0,0,1,0,0,1,710.0
2000000082_00001,8,2018-01-24 22:59:00+00:00,1,0,0,2,0,21,0,0,1,0,0,2,710.0
2000000082_00001,9,2018-01-30 09:48:00+00:00,1,0,0,2,0,21,0,0,1,0,0,1,710.0
2000000082_00001,10,2018-02-12 11:41:00+00:00,1,0,0,2,0,21,0,0,1,0,0,6,710.0
2000000082_00001,11,2018-03-08 12:21:00+00:00,1,0,0,2,0,21,0,0,1,0,0,5,710.0
2000000082_00002,0,2018-01-24 06:13:00+00:00,1,0,0,2,1,21,0,0,1,0,0,0,124.0
2000000082_00002,1,2018-01-24 07:13:00+00:00,1,0,0,2,1,21,0,0,1,0,0,0,124.0
2000000082_00002,2,2018-01-24 07:13:00+00:00,1,0,0,2,1,21,0,0,1,0,0,0,124.0
2000000082_00002,3,2018-01-24 07:13:00+00:00,1,0,0,2,1,21,0,0,1,0,0,0,124.0
2000000082_00002,4,2018-01-24 07:13:00+00:00,1,0,0,2,1,21,0,0,1,0,0,0,124.0
2000000082_00002,5,2018-01-24 07:13:00+00:00,1,0,0,2,1,21,0,0,1,0,0,0,124.0
2000000082_00002,6,2018-01-24 07:13:00+00:00,1,0,0,2,1,21,0,0,1,0,0,0,124.0
2000000082_00002,7,2018-01-24 07:13:00+00:00,1,0,0,2,1,21,0,0,1,0,0,1,124.0
2000000082_00002,8,2018-01-24 22:59:00+00:00,1,0,0,2,1,21,0,0,1,0,0,2,124.0
2000000082_00002,9,2018-01-30 09:48:00+00:00,1,0,0,2,1,21,0,0,1,0,0,1,124.0
2000000082_00002,10,2018-02-12 11:41:00+00:00,1,0,0,2,1,21,0,0,1,0,0,6,124.0
2000000082_00002,11,2018-03-08 12:21:00+00:00,1,0,0,2,1,21,0,0,1,0,0,5,124.0
2000000083_00001,0,2018-01-24 06:13:00+00:00,1,0,0,1,0,0,0,0,1,0,0,0,98.0
2000000083_00001,1,2018-01-24 07:13:00+00:00,1,0,0,1,0,0,0,0,1,0,0,0,98.0
2000000083_00001,2,2018-01-24 07:13:00+00:00,1,0,0,1,0,0,0,0,1,0,0,0,98.0
2000000083_00001,3,2018-01-24 07:13:00+00:00,1,0,0,1,0,0,0,0,1,0,0,0,98.0
2000000083_00001,5,2018-01-24 07:13:00+00:00,1,0,0,1,0,0,0,0,1,0,0,0,98.0
2000000083_00001,6,2018-01-24 07:13:00+00:00,1,0,0,1,0,0,0,0,1,0,0,0,98.0
2000000083_00001,4,2018-01-24 07:14:00+00:00,1,0,0,1,0,0,0,0,1,0,0,0,98.0
2000000083_00001,7,2018-01-24 07:14:00+00:00,1,0,0,1,0,0,0,0,1,0,0,1,98.0
2000000083_00001,8,2018-01-24 22:59:00+00:00,1,0,0,1,0,0,0,0,1,0,0,2,98.0
2000000083_00001,9,2018-01-30 09:49:00+00:00,1,0,0,1,0,0,0,0,1,0,0,1,98.0
2000000083_00001,10,2018-02-07 13:35:00+00:00,1,0,0,1,0,0,0,0,1,0,0,6,98.0
2000000083_00001,11,2018-03-29 13:06:00+00:00,1,0,0,1,0,0,0,0,1,0,0,4,98.0
2000000083_00002,0,2018-01-24 06:13:00+00:00,1,0,0,1,1,0,0,0,1,0,0,0,88.0
2000000083_00002,1,2018-01-24 07:13:00+00:00,1,0,0,1,1,0,0,0,1,0,0,0,88.0
2000000083_00002,2,2018-01-24 07:13:00+00:00,1,0,0,1,1,0,0,0,1,0,0,0,88.0
2000000083_00002,3,2018-01-24 07:13:00+00:00,1,0,0,1,1,0,0,0,1,0,0,0,88.0
2000000083_00002,5,2018-01-24 07:13:00+00:00,1,0,0,1,1,0,0,0,1,0,0,0,88.0
2000000083_00002,6,2018-01-24 07:13:00+00:00,1,0,0,1,1,0,0,0,1,0,0,0,88.0
2000000083_00002,4,2018-01-24 07:14:00+00:00,1,0,0,1,1,0,0,0,1,0,0,0,88.0
2000000083_00002,7,2018-01-24 07:14:00+00:00,1,0,0,1,1,0,0,0,1,0,0,1,88.0
2000000083_00002,8,2018-01-24 22:59:00+00:00,1,0,0,1,1,0,0,0,1,0,0,2,88.0
2000000083_00002,9,2018-01-30 09:49:00+00:00,1,0,0,1,1,0,0,0,1,0,0,1,88.0
2000000083_00002,10,2018-02-07 13:35:00+00:00,1,0,0,1,1,0,0,0,1,0,0,6,88.0
2000000083_00002,11,2018-03-29 13:06:00+00:00,1,0,0,1,1,0,0,0,1,0,0,4,88.0
2000000083_00003,0,2018-01-24 06:13:00+00:00,1,0,0,1,2,0,0,0,1,0,0,0,65.0
2000000083_00003,1,2018-01-24 07:13:00+00:00,1,0,0,1,2,0,0,0,1,0,0,0,65.0
2000000083_00003,2,2018-01-24 07:13:00+00:00,1,0,0,1,2,0,0,0,1,0,0,0,65.0
2000000083_00003,3,2018-01-24 07:13:00+00:00,1,0,0,1,2,0,0,0,1,0,0,0,65.0
2000000083_00003,5,2018-01-24 07:13:00+00:00,1,0,0,1,2,0,0,0,1,0,0,0,65.0
2000000083_00003,6,2018-01-24 07:13:00+00:00,1,0,0,1,2,0,0,0,1,0,0,0,65.0
2000000083_00003,4,2018-01-24 07:14:00+00:00,1,0,0,1,2,0,0,0,1,0,0,0,65.0
2000000083_00003,7,2018-01-24 07:14:00+00:00,1,0,0,1,2,0,0,0,1,0,0,1,65.0
2000000083_00003,8,2018-01-24 22:59:00+00:00,1,0,0,1,2,0,0,0,1,0,0,2,65.0
2000000083_00003,9,2018-01-30 09:49:00+00:00,1,0,0,1,2,0,0,0,1,0,0,1,65.0
2000000083_00003,10,2018-02-07 13:35:00+00:00,1,0,0,1,2,0,0,0,1,0,0,6,65.0
2000000083_00003,11,2018-03-29 13:06:00+00:00,1,0,0,1,2,0,0,0,1,0,0,4,65.0
2000000085_00001,0,2018-01-25 10:38:00+00:00,4,0,0,7,0,10,0,0,2,0,0,0,41.0
2000000085_00001,1,2018-01-25 11:38:00+00:00,4,0,0,7,0,10,0,0,2,0,0,0,41.0
2000000085_00001,2,2018-01-25 11:38:00+00:00,4,0,0,7,0,10,0,0,2,0,0,0,41.0
2000000085_00001,3,2018-01-25 11:38:00+00:00,4,0,0,7,0,10,0,0,2,0,0,0,41.0
2000000085_00001,4,2018-01-25 11:38:00+00:00,4,0,0,7,0,10,0,0,2,0,0,0,41.0
2000000085_00001,5,2018-01-25 11:38:00+00:00,4,0,0,7,0,10,0,0,2,0,0,0,41.0
2000000085_00001,6,2018-01-25 11:38:00+00:00,4,0,0,7,0,10,0,0,2,0,0,0,41.0
2000000085_00001,7,2018-01-25 11:38:00+00:00,4,0,0,7,0,10,0,0,2,0,0,1,41.0
2000000085_00001,8,2018-01-26 22:59:00+00:00,4,0,0,7,0,10,0,0,2,0,0,2,41.0
2000000085_00001,9,2018-01-30 07:55:00+00:00,4,0,0,7,0,10,0,0,2,0,0,1,41.0
2000000085_00001,10,2018-03-06 08:22:00+00:00,4,0,0,7,0,10,0,0,2,0,0,3,41.0
2000000085_00001,11,2018-03-29 13:06:00+00:00,4,0,0,7,0,10,0,0,2,0,0,4,41.0
2000000086_00001,0,2018-01-25 10:50:00+00:00,2,0,0,3,0,2,0,0,1,0,0,0,40.0
2000000086_00001,1,2018-01-25 11:50:00+00:00,2,0,0,3,0,2,0,0,1,0,0,0,40.0
2000000086_00001,2,2018-01-25 11:50:00+00:00,2,0,0,3,0,2,0,0,1,0,0,0,40.0
2000000086_00001,3,2018-01-25 11:50:00+00:00,2,0,0,3,0,2,0,0,1,0,0,0,40.0
2000000086_00001,4,2018-01-25 11:50:00+00:00,2,0,0,3,0,2,0,0,1,0,0,0,40.0
2000000086_00001,5,2018-01-25 11:50:00+00:00,2,0,0,3,0,2,0,0,1,0,0,0,40.0
2000000086_00001,6,2018-01-25 11:50:00+00:00,2,0,0,3,0,2,0,0,1,0,0,0,40.0
2000000086_00001,7,2018-01-25 11:50:00+00:00,2,0,0,3,0,2,0,0,1,0,0,1,40.0
2000000086_00001,8,2018-01-25 22:59:00+00:00,2,0,0,3,0,2,0,0,1,0,0,2,40.0
2000000086_00001,9,2018-01-30 07:56:00+00:00,2,0,0,3,0,2,0,0,1,0,0,1,40.0
2000000086_00001,10,2018-02-12 16:22:00+00:00,2,0,0,3,0,2,0,0,1,0,0,3,40.0
2000000086_00001,11,2018-03-08 12:21:00+00:00,2,0,0,3,0,2,0,0,1,0,0,5,40.0
2000000086_00002,0,2018-01-25 10:50:00+00:00,2,0,0,3,1,2,0,0,1,0,0,0,31.0
2000000086_00002,1,2018-01-25 11:50:00+00:00,2,0,0,3,1,2,0,0,1,0,0,0,31.0
2000000086_00002,2,2018-01-25 11:50:00+00:00,2,0,0,3,1,2,0,0,1,0,0,0,31.0
2000000086_00002,3,2018-01-25 11:50:00+00:00,2,0,0,3,1,2,0,0,1,0,0,0,31.0
2000000086_00002,4,2018-01-25 11:50:00+00:00,2,0,0,3,1,2,0,0,1,0,0,0,31.0
2000000086_00002,5,2018-01-25 11:50:00+00:00,2,0,0,3,1,2,0,0,1,0,0,0,31.0
2000000086_00002,6,2018-01-25 11:50:00+00:00,2,0,0,3,1,2,0,0,1,0,0,0,31.0
2000000086_00002,7,2018-01-25 11:50:00+00:00,2,0,0,3,1,2,0,0,1,0,0,1,31.0
2000000086_00002,8,2018-01-25 22:59:00+00:00,2,0,0,3,1,2,0,0,1,0,0,2,31.0
2000000086_00002,9,2018-01-30 07:56:00+00:00,2,0,0,3,1,2,0,0,1,0,0,1,31.0
2000000086_00002,10,2018-02-12 16:22:00+00:00,2,0,0,3,1,2,0,0,1,0,0,3,31.0
2000000086_00002,11,2018-03-08 12:21:00+00:00,2,0,0,3,1,2,0,0,1,0,0,5,31.0
2000000087_00001,0,2018-01-25 13:03:00+00:00,6,0,0,12,0,22,1,1,1,1,0,0,12834.0
2000000087_00001,1,2018-01-25 14:03:00+00:00,6,0,0,12,0,22,1,1,1,1,0,0,12834.0
2000000087_00001,2,2018-01-25 14:03:00+00:00,6,0,0,12,0,22,1,1,1,1,0,0,12834.0
2000000087_00001,3,2018-01-25 14:03:00+00:00,6,0,0,12,0,22,1,1,1,1,0,0,12834.0
2000000087_00001,5,2018-01-25 14:03:00+00:00,6,0,0,12,0,22,1,1,1,1,0,0,12834.0
2000000087_00001,4,2018-01-25 14:03:00+00:00,6,0,0,12,0,22,1,1,1,1,0,0,12834.0
2000000087_00001,7,2018-01-25 14:03:00+00:00,6,0,0,12,0,22,1,1,1,1,0,1,12834.0
2000000087_00001,6,2018-01-25 14:03:00+00:00,6,0,0,12,0,22,1,1,1,1,0,0,12834.0
2000000087_00001,8,2018-02-08 22:59:00+00:00,6,0,0,12,0,22,1,1,1,1,0,2,12834.0
2000000087_00001,9,2018-03-20 11:10:00+00:00,6,0,0,12,0,22,1,1,1,1,0,1,12834.0
2000000087_00001,12,2018-03-20 11:10:00+00:00,6,0,0,12,0,22,1,1,1,1,0,2,12834.0
2000000087_00001,10,2018-03-21 11:15:00+00:00,6,0,0,12,0,22,1,1,1,1,0,3,12834.0
2000000087_00001,11,2018-04-05 13:51:00+00:00,6,0,0,12,0,22,1,1,1,1,0,4,12834.0
2000000089_00001,0,2018-01-25 14:33:00+00:00,6,0,0,13,0,23,1,1,1,1,0,0,34641.0
2000000089_00001,1,2018-01-25 15:33:00+00:00,6,0,0,13,0,23,1,1,1,1,0,0,34641.0
2000000089_00001,2,2018-01-25 15:33:00+00:00,6,0,0,13,0,23,1,1,1,1,0,0,34641.0
2000000089_00001,3,2018-01-25 15:33:00+00:00,6,0,0,13,0,23,1,1,1,1,0,0,34641.0
2000000089_00001,4,2018-01-25 15:34:00+00:00,6,0,0,13,0,23,1,1,1,1,0,0,34641.0
2000000089_00001,5,2018-01-25 15:34:00+00:00,6,0,0,13,0,23,1,1,1,1,0,0,34641.0
2000000089_00001,7,2018-01-25 15:34:00+00:00,6,0,0,13,0,23,1,1,1,1,0,1,34641.0
2000000089_00001,6,2018-01-25 15:34:00+00:00,6,0,0,13,0,23,1,1,1,1,0,0,34641.0
2000000089_00001,8,2018-02-11 22:59:00+00:00,6,0,0,13,0,23,1,1,1,1,0,2,34641.0
2000000089_00001,9,2018-03-16 12:08:00+00:00,6,0,0,13,0,23,1,1,1,1,0,1,34641.0
2000000089_00001,12,2018-03-16 12:08:00+00:00,6,0,0,13,0,23,1,1,1,1,0,2,34641.0
2000000089_00001,10,2018-03-27 10:30:00+00:00,6,0,0,13,0,23,1,1,1,1,0,13,34641.0
2000000089_00001,11,2018-04-26 09:16:00+00:00,6,0,0,13,0,23,1,1,1,1,0,4,34641.0
2000000090_00001,0,2018-01-25 15:11:00+00:00,1,0,0,2,0,24,0,0,1,0,0,0,967.0
2000000090_00001,1,2018-01-25 16:11:00+00:00,1,0,0,2,0,24,0,0,1,0,0,0,967.0
2000000090_00001,2,2018-01-25 16:11:00+00:00,1,0,0,2,0,24,0,0,1,0,0,0,967.0
2000000090_00001,3,2018-01-25 16:11:00+00:00,1,0,0,2,0,24,0,0,1,0,0,0,967.0
2000000090_00001,4,2018-01-25 16:11:00+00:00,1,0,0,2,0,24,0,0,1,0,0,0,967.0
2000000090_00001,5,2018-01-25 16:11:00+00:00,1,0,0,2,0,24,0,0,1,0,0,0,967.0
2000000090_00001,7,2018-01-25 16:11:00+00:00,1,0,0,2,0,24,0,0,1,0,0,1,967.0
2000000090_00001,6,2018-01-25 16:11:00+00:00,1,0,0,2,0,24,0,0,1,0,0,0,967.0
2000000090_00001,8,2018-01-30 22:59:00+00:00,1,0,0,2,0,24,0,0,1,0,0,2,967.0
2000000090_00001,9,2018-01-31 08:28:00+00:00,1,0,0,2,0,24,0,0,1,0,0,1,967.0
2000000090_00001,10,2018-02-02 11:59:00+00:00,1,0,0,2,0,24,0,0,1,0,0,0,967.0
2000000090_00001,11,2018-02-22 15:17:00+00:00,1,0,0,2,0,24,0,0,1,0,0,4,967.0
